813,vs.,hardin,-,high,school,girls,basketball,live\nindians,vs,bulldogs\nlive,:,hard\u202,,,,,,,,,,,,,,,,,,,,,,,
119,for,today,:,be,too,drunk,that,i,can\u2019t,tell,if,it\u2019s,the,cruise,ship,movin,or,the,liq,liq,talkin,\ud83d\ude05\ud83d\ude02,'',,,,,,,,,,,,
786,do,you,know,the,upload,time,on,netflix,today,?,thanks,'',,,,,,,,,,,,,,,,,,,,,,,
19,was,on,the,verge,of,selling,my,grandmother,'s,car,on,facebook,today,but,was,ejected,from,the,group,without,any,explanation\u2026,'',,,,,,,,,,,,
143,so,i,live,off,a,cash,income,.,public,speaking,,,,,,,,,,,,,,,,,,,,,,,,,
838,edmond,noh,vs,(,#,1,),norman,||,today,'s,oklahoma,high,school,girls,basketball,live,stream\n\n\u21ewatch,live\u1d34\u1d3,,,,,,,,,,,,,,,,
1086,the,feeling,i,'m,getting,with,dr.,redfield,here,almost,,,,,,,,,,,,,,,,,,,,,,,,,
250,daily,design,|,\,'',wh1tw0lf\,'',is,$,1today,only,.,\n\nget,yours,now,at,,,,,,,,,,,,,,,,,,,
787,apache,vs.,clayton,-,high,school,girls,basketball,live\nchiefs,vs,yellowjackets\nlive,,,,,,,,,,,,,,,,,,,,,,,,
373,you,know,?,!,if,you,subscribe,to,my,newsletter,,,,,,,,,,,,,,,,,,,,,,,,,
1051,i,just,want,to,watch,past,stardom,events,and,just,realize,this,shit,is,too,much,to,see,,,,,,,,,,,,,,,,,
847,long,ago,,,,,,,,,,,,,,,,,,,,,,,,,,,,,,,,,
488,energy,is,off,today,.,it,might,be,me,but,i\u2019m,not,feeling,the,vibes,,,,,,,,,,,,,,,,,,,,
243,we,do,n't,know,what,'ll,happen,to,small,businesses,like,ours,during,#,lockdown,.,if,anyone,who,'s,not,going,to,be,in,town,for\u2026,'',,,,,,,
926,year,ago,we,launched,the,was,personally,a,very,big,deal,for,me,,,,,,,,,,,,,,,,,,,,,,
478,this,is,an,explosive,story,.,put,it,in,con,with,last,night,'s,address,and,today,'s,developments,at\u202,,,,,,,,,,,,,,,
934,today,from,a,letter,on,the,lung,ultrasound,patterns,associated,with,#,covid1and,comparisons,to,chest,ct.,\n\n\u201cea\u2026,'',,,,,,,,,,,,,,,,
896,i,want,to,know,about,kudlow,.,he,wasn\u2019t,looking,to,f*cking,good,yesterday,-,and,there,was,no,presser,,,,,,,,,,,,,,,
809,well,since,the,rich,give,people,jobs,it,might,be,a,good,thing,.,i,did,not,se\u202,,,,,,,,,,,,,,,,,
745,the,grocery,store,i,work,at,was,apparently,really,busy,w,people,panic,buying,today,,,,,,,,,,,,,,,,,,,,
