0,which,stormy,are,you,today,,,,,,,,,,,,,,,,,,,,,,,,,,,
1,she,should,change,her,name,to,katie,fucking,poer,.,because,katie,fucking,,,,,,,,,,,,,,,,,,,
2,update,:,post-student,life,is,chaos,.,i,just,panic,bought,an,\u201clsu,alumni\u201d,sweatshi,.,how,do,you,work,linkedin,'',,,,,,,,,,
3,omg,same,!,today,was,our,last,day,.,we,are,going,online,.,i,hate,this,so,much,!,'',,,,,,,,,,,
4,trans,and\/or,disabled,canadians,,,,,,,,,,,,,,,,,,,,,,,,,,,,
5,do,i,hate,how,my,body,looks,today,.,no,wonder,i,'m,single,.,\ud83d\ude43,'',,,,,,,,,,,,,,,
6,dismissing,wall,street,plunge,today,,,,,,,,,,,,,,,,,,,,,,,,,,,
7,yes,it,staed,to,collapse,earlier,in,the,week,and,today,killed,it,hard,!,even,more,now,,,,,,,,,,,,,,
8,china,'s,brutal,crackdown,on,uyghurs,has,reached,global,supply,chains,&,amp,;,companies,are,at,risk,of,introduc\u2026,'',,,,,,,,,,,
9,today\u2019s,am,releasing,fear,and,centering,myself,,,,,,,,,,,,,,,,,,,,,,,,,
10,i,am,deeply,concerned,about,the,threat,that,coronavirus,poses,.,trump\u2019s,stumbling,response,is,putting,american,lives,and,the,ec\u2026,'',,,,,,,,,,
11,thing,banished,the,gloomsterism,and,kicked,off,the,guy,,,,,,,,,,,,,,,,,,,,,,,
12,morning,today,of,those,most,at,risk,from,#,coronavirus,.,some,may,be,incapable,or,too,afraid,to,stockup,on,su\u2026,'',,,,,,,,,
13,the,best,relationship,is,when,yesterday\u2019s,fight,didn\u2019t,stop,today\u2019s,communication,'',,,,,,,,,,,,,,,,,,,,
14,#,newrelease\n\nthey,say,revenge,is,a,dangerous,game,,,,,,,,,,,,,,,,,,,,,,,,
15,touch,is,years,old,today,but,let,'s,not,forget,how,taeil,went,crazy,on,the,last,4seconds,of,the,song,,,,,,,,,,,
16,which,really,just,goes,to,show,the,government,could,literally,give,us,free,healthcare,whenever,they,want,,,,,,,,,,,,,,,
17,so,apparently,my,sister,coughed,earlier,today,and,my,mum\u2019s,response,was,something,along,the,lines,of,\u201cin,sickness,and,in,h\u2026,'',,,,,,,,,
18,what,happens,to,cous,and,jails,when,you\u2019re,trying,to,prevent,a,coronavirus,outbreak,?,\n\nstl\u2019s,court,administrator,talked\u2026,'',,,,,,,,,,,,
19,i,made,joke,about,how,the,corona,virus,is,like,when,god,sent,a,plague,to,egypt,and,and,in,the,same,day,i,see\u202,,,,,,,
20,letter,sent,today,by,3of,nyc,'s,infectious,disease,scientists,to,nyc,government,,,,,,,,,,,,,,,,,,,
21,[,today,'s,bangtan,\ud83d\udca3,],\n\nin,case,you,missed,it,in,all,it,'s,glory,!,\ud83e\udd29\n\n3j,unit,photo,shooting,behind,-,#,bts,#,\ubc29\ud0c4\uc18c\ub144\ub2e,#,i\u2026,'',,
22,i,for,one,am,shocked,that,a,pm,who,stayed,on,holiday,when,there,was,a,terrorist,attack,and,left,it,three,weeks,to,visit\u2026,'',,,,,,
23,difficult,tweet,of,my,,,,,,,,,,,,,,,,,,,,,,,,,,,,
24,we,go,into,quarantine,today,i,wan,na,my,makeup,done\,'','',,,,,,,,,,,,,,,,,,,
25,cy,:,the,light,at,my,house,broke,the,ahjussi,came,to,repair\ncy,:,the,boiler,at,my,house,blew,up,(,also,broken,),\ncy,:,my,car,'s,brake\u2026,''
26,literally,me,in,the,gc,today,am,not,dying,before,i,get,cawk,.,no,'',,,,,,,,,,,,,,,,
27,so,many,athletes,lifelong,dreams,and,goals,are,being,crushed,,,,,,,,,,,,,,,,,,,,,,
28,i,know,a,lot,of,my,readers,are,freaking,the,hell,out\u212today,,,,,,,,,,,,,,,,,,,,
29,i\u2019m,not,the,guy,who,tells,you,to,panic,\u201i\u2019m,the,guy,who,usually,tells,you,not,to,.,so,when,i,say,i\u2019m,worried,,,,,,,
30,a,beast,.,hats,off,to,you,rep,poer,'',,,,,,,,,,,,,,,,,,,,,,
31,breaking,:,dow,had,its,worst,point,loss,ever,today,,,,,,,,,,,,,,,,,,,,,,
32,hrh,muhammad,sanusi,ii,earlier,today,at,awe,local,government,,,,,,,,,,,,,,,,,,,,,,
33,our,transit,system,now,has,overdraft,fees,\ud83d\ude0i,mean,this,shit,is,comically,evil,.,anything,to,punish,the,poor,.,,,,,,,,,,,
34,want,a,change,?,or,an,office,where,with,a,view,?,\n\nthis,hiring,cycle,,,,,,,,,,,,,,,,,
35,this,is,really,impoant,work,by,and,to,legislate,for,buffer,zones,around,abortion,clinics,to,e\u2026,'',,,,,,,,,,,,,,
36,1in,the,gon,na,say,that\u2019s,a,bad,i\u2019m,3i,could,retire,i,own,ow\u2026,'',,,,,,,,,,,,,,,,
37,when,you\u2019ve,survived,the,whirlwind,of,crazy,that,was,only,to,realise,tomorrow,is,friday,the,13th,,,,,,,,,,,,,,,
38,the,government,and,the,media,tell,you,that,better,things,are,not,possible,because,they,cost,too,much,.,today,they,set,$,on,f\u2026,'',,,,,,
39,ochako,:,what,are,you,up,to,today,?,\n\nkatsuki,:,world,domination,.,\n\nochako,:,that\u2019s,a,bit,much,,,,,,,,,,,,
40,he\u2019s,killing,me,today,!,\ud83d\ude02\ud83e\udd23\ud83e\udd2,,,,,,,,,,,,,,,,,,,,,,,,,,
41,i,was,in,a,very,bad,mood,today,.,then,my,year,old,walked,over,,,,,,,,,,,,,,,,,
42,so,my,mum,sent,me,this,today,&,amp,;,she,didn\u2019t,realise,what,exactly,was,inside,the,dying,rn\ud83e\udd23\ud83d\ude2d,,,,,,,,,,,,
43,rain,held,off,until,the,uphill,back,.,with,the,turmoil,of,today,'s,events,,,,,,,,,,,,,,,,,
44,this,problem,continues,to,evolve,and,will,escalate,rapidly,and,dramatically,.,for,marylanders,,,,,,,,,,,,,,,,,,
45,not,today,demon,,,,,,,,,,,,,,,,,,,,,,,,,,,,,
46,some,comments,on,bts\u2019s,debut,video,in,case,you,haven\u2019t,cried,yet,today,,,,,,,,,,,,,,,,,,,
47,been,called,a,kangaroo,today,and,i\u2019m,not,mad,at,,,,,,,,,,,,,,,,,,,,,,
48,does,today,keep,getting,worse,and,worse,'',,,,,,,,,,,,,,,,,,,,,,,,
49,today,'s,fed,liquidity,injections,:,the,same,size,as,the,annual,us,military,fed,liquidity,,,,,,,,,,,,,,,,
50,might,as,well,just,order,in,then,.,i,'m,making,hamburgers,for,hubby,and,ill,just,h\u202,,,,,,,,,,,,,,
51,jagmeet,repoedly,joining,trudeau,in,self,canadas,demise,in,secret,,,,,,,,,,,,,,,,,,,,,,
52,with,the,total,percentage,loss,ending,up,at,-9,,,,,,,,,,,,,,,,,,,,,,,
53,from,#,orioles,:,trey,mancini,underwent,successful,surgery,today,to,remove,a,malignant,tumor,from,his,colon,.,the,tumor,was,disc\u2026,'',,,,,,,,
54,self-isolation,quarantine,,,,,,,,,,,,,,,,,,,,,,,,,,,,,,
55,is,what,happens,when,you,have,failed,leadership,in,the,province,.,where,the,hell,was,ford,today,?,he,should,have\u202,,,,,,,,,,
56,ca,n't,stop,bad,bitchery,!,'',,,,,,,,,,,,,,,,,,,,,,,,,
57,the,plague,bearing,grinch,'s,hea,shrank,three,sizes,,,,,,,,,,,,,,,,,,,,,,,
58,unacceptable,for,shame,!,'',,,,,,,,,,,,,,,,,,,,,,,,,,,
59,it,sunk,.,\n\ni,mean,,,,,,,,,,,,,,,,,,,,,,,,,,,
60,thread,from,the,latest,repos,make,it,clear,:,shipping,asylum,seekers,off,to,gua\u202,,,,,,,,,,,,,,,,,
61,(,1\/3,),ice,is,looking,into,social,media,repos,that,an,arrest,was,made,by,ice,officers,today,at,a,hospital,.,it,'s,critical,durin\u2026,'',,,,
62,more,dangerous,than,the,virus,going,around,are,the,amount,of,people,addicted,to,findom,and,catfish,dommes,.,come,by,and\u2026,'',,,,,,,,,
63,mix,of,\,'',wonder,at,the,universe\,'',and,\,'',i,'m,a,bird,made,of,garbage,and,i,will,fight,god\,'',i,'m,getting,from,this,is\u202,
64,my,mum,was,diagnosed,with,an,inflammatory,lung,disease,today,(,ongoing,issue,non,related,to,corona,),and,now,i\u2019m,a\u202,,,,,,,,,,
65,code,inferno,!,\ud83e\udd81\ud83d\udd25\n\ngo,go,go,!,!,'',,,,,,,,,,,,,,,,,,,,,,,
66,update,3\/12\/20\ninfectious,disease,specialist,dr.,luis,ostrosky,gave,a,great,conference,in,the,houston,m\u202,,,,,,,,,,,,,,,,,
67,congrats,to,all,the,challenge,winners,!,\n\ntoday,3middle,school,and,high,school,teams,across,the,nation,were\u2026,'',,,,,,,,,,,,,
68,she,should,change,her,name,to,katie,fucking,poer,.,because,katie,fucking,porter,:,,,,,,,,,,,,,,,,,
69,lmfao,it\u2019s,all,fake,.,the,government,can,just,do,medicare,for,all,if,they,wanted,to,.,they,just,hate,you,and,want,you,to,,,,,,
70,our,heas,are,broken,as,we,learned,today,that,our,season,was,cancelled,by,and,we,will,work,diligen\u2026,'',,,,,,,,,,,,
71,soon,will,the,donald,fire,dr,.,redfield,?,'',,,,,,,,,,,,,,,,,,,,,,
72,at,this,moment,\u201when,there,is,so,much,fear,in,the,country,and,all,across,the,world,\u201we,need,american,leadership,.,we,need,pr\u2026,'',,,,,,
73,dr,kate,fitz-gibbon,presenting,insights,on,mothers,experiences,of,adolescent,family,violence,at,today,'s,cecfw,symposium\u2026,'',,,,,,,,,,,,,,
74,a,coronavirus,drive-thru,testing,facility,was,in,operation,in,wolverhampton,today,.,#,bcujournos,,,,,,,,,,,,,,,,,,
75,today,we,took,pa,in,the,nationwide,#,greatbigcrunch,challenge,.,500+,students,and,staff,enjoyed,de\u2026,'',,,,,,,,,,,,,,
76,raise,your,hand,\ud83d\ude4b\ud83c\udffb\u200d\u2640\ufe0f,if,you,lived,your,life,without,fear,of,the,coronavirus,today,\ud83d\udd90\ud83c\udffb,#,coronaviruspandemic,'',,,,,,,,,,,,,
77,turkey,has,a,single,case,of,coronavirus,but,they,are,taking,no,chances,.,today,,,,,,,,,,,,,,,,,
78,in,a,hearing,today,,,,,,,,,,,,,,,,,,,,,,,,,,,,
79,this,needs,addressed,.,i,am,immunocompromised,and,have,just,left,hospital,after,renal,transplant,.,ward,was,being,closed,to,v\u2026,'',,,,,,,,,
80,dems,stop,raging,@,dems,.,focus\u27a1\ufe0f,blocked,this,bill,today,!,\n-,free,testing,all\n-,paid,emergency,m\u202,,,,,,,,,,,,,
81,3nyc,infectious,disease,scientists,recommend,closing,the,,,,,,,,,,,,,,,,,,,,,,,,,
82,ghetto,uhuh,!,!,ew,'',,,,,,,,,,,,,,,,,,,,,,,,,,
83,this,is,my,mom,admitted,today,for,pneumonia,,,,,,,,,,,,,,,,,,,,,,,,
84,the,ghetto,'',,,,,,,,,,,,,,,,,,,,,,,,,,,,,
85,missing,my,girlfriend,today,and,always,but,what\u2019s,new,luvs,,,,,,,,,,,,,,,,,,,,,,
86,seeing,women,post,photos,of,themselves,because,of,our,shoot,is,truly,amazing,!,\ud83d\ude4c\ud83c\udffc\ud83d\ude0d,'',,,,,,,,,,,,,,,,
87,it\u2019s,less,than,2hrs,.,that\u2019s,even,worse,so,what\u2019s,your,point,?,'',,,,,,,,,,,,,,,,,,
88,no,doubt,.,lv,announced,plans,to,ditch,travel,insurance,today,.,that,could,be,a,game,changer,'',,,,,,,,,,,,,
89,had,to,go,into,sheffield,again,today,and,again,find,another,homeless,disabled,person,katherine,,,,,,,,,,,,,,,,,
90,didn\u2019t,want,to,be,that,crazy,person,in,stores,today,,,,,,,,,,,,,,,,,,,,,,
91,top,infectious,disease,official,dr.,anthony,fauci,today,on,limited,test,availability,:,\u201cthat,is,a,failing,.,it,is,a,,,,,,,,,,,
92,this,aicle,is,mad,nerdy,.,cc,\,,,,,,,,,,,,,,,,,,,,,,,,
93,gov,.,parson,says,it,'s,not,up,to,government,to,\,'',fix,this,,,,,,,,,,,,,,,,,
94,today,i,briefed,member,states,on,#,covid1and,our,decision,to,describe,it,as,a,pandemic,.,we,have,made,this,assessment\u2026,'',,,,,,,,,
95,witch,is,demented,.,retire,,,,,,,,,,,,,,,,,,,,,,,,,,,
96,remember,that,what,may,seem,horrible,today,will,most,likely,not,matter,in,weeks,or,a,month,.,try,to,remember,that,nothing,la\u2026,'',,,,,,,
97,just,unthinkable,.,#,abolishice,'',,,,,,,,,,,,,,,,,,,,,,,,,,
98,think,of,annouced,$,100m,to,help,fight,covid,1got,cases,today\ud83e\udd23\ud83e\udd23\ud83e\udd23\ud83e\udd23,'',,,,,,,,,,,,,,,,,,,
99,make,this,change,,,,,,,,,,,,,,,,,,,,,,,,,,,,,
100,wow,haha,might,do,something,crazy,later,.,but,not,today,.,then,again,i,always,postpone,it,.,it,'ll,be,better,the,so\u202,,,,,,,
101,quick,highlights,from,today,'s,big,win,over,union,!,the,tournament,has,been,canceled,due,to,the,coronavirus,disease,(,covid-19,),\u2026,'',,,,,,,
102,seniors,:,while,it,may,be,a,difficult,transition,,,,,,,,,,,,,,,,,,,,,,,
103,you,can,change,the,rules,!,is,this,an,emergency,or,not,?,?,?,!,'',,,,,,,,,,,,,,,
104,i,spoke,to,last,night,about,cowardly,attack,on,coalition,base,.,we,will,defend,against,these,deplorable,acts,&,amp,;,h\u2026,'',,,,,,,,
105,trump\u2019s,incompetence,has,been,killing,people,for,over,three,years,now,.,the,only,diffference\u2026,'',,,,,,,,,,,,,,,,
106,y\u2019all,\u201cit\u2019s,just,the,flu,people,#,washyahands\u201d,bitches,are,suspiciously,silent,probably,at,the,walma\u202,,,,,,,,,,,,,,,,
107,and,why,did,#,dumbdonald,fire,the,entire,us,pandemic,response,team,?,because,obama,created,it,.,since,stealing,the,presid\u2026,'',,,,,,,,,
108,went,to,bed,at,73ln,and,woke,up,to,straight,chaos,today,wtf,'',,,,,,,,,,,,,,,,,,
109,people,will,study,the,great,panic,of,202for,years,to,come,.,irrational,crowd,madness,,,,,,,,,,,,,,,,,
110,in,case,someone,insulted,you,today,,,,,,,,,,,,,,,,,,,,,,,,,,
111,today,me,sef,i,cough,i,fear,oh,\ud83d\ude02,'',,,,,,,,,,,,,,,,,,,,,,
112,today,we,informed,our,#,cgiu202students,of,the,difficult,decision,to,postpone,our,annual,meeting,at,due,to,covid-1\u2026,'',,,,,,,,,,,,
113,#,plastic,remains,to,be,a,huge,epidemic,in,today\u2019s,environment,!,check,out,my,new,post,over,,,,,,,,,,,,,,
114,our,transit,system,now,has,overdraft,fees,\ud83d\ude0i,mean,this,shit,is,comically,evil,.,anything,to,punish,the,,,,,,,,,,,,,
115,i,know,im,a,broken,record,right,it\u2019s,because,i\u2019m,anxious,.,work,has,been,mind,blurringly,slow,today,but,there\u2026,'',,,,,,,,,,
116,need,a,leader,who,doesn\u2019t,have,dementia,and,who,can,stay,on,target,with,urgent,crises,today,'',,,,,,,,,,,,,,
117,hell,nah,wtf\,,,,,,,,,,,,,,,,,,,,,,,,,,,,,
118,my,deepest,prayers,go,out,to,the,world,today,.,we,as,human,beings,have,gone,through,the,fire,over,and,over,again,,,,,,,,,
119,is,this,how,you,react,when,confronted,killerkay,,,,,,,,,,,,,,,,,,,,,,,,
120,hanging,out,at,today,filming,!,!,!,,,,,,,,,,,,,,,,,,,,,,,,
121,i,think,this,is,the,most,illuminating,thing,i,'ve,read,on,the,pandemic,,,,,,,,,,,,,,,,,,
122,treating,an,outbreak,of,this,virus,that,gets,any,worse,is,far,far,more,expensive,!,'',,,,,,,,,,,,,,,
123,today,there\u2018ll,be,#,premierleague,emergency,meeting,to,fight,#,coronavirus,.,i,have,no,words,about,the,decision,of,the,last,ni\u2026,'',,,,,,,,
124,on,the,react,udemy,course,.,today,i,made,a,sign,in,form,made,up,of,different,re-usable,,,,,,,,,,,,,,
125,marks,:,one,year,since,my,husband\u2019s,cancer,surgery,,,,,,,,,,,,,,,,,,,,,,,
126,owes,million,consumers,about,$,35each,for,bogus,fees,on,auto,loans,.,in,a,hearing,today,,,,,,,,,,,,,,,
127,r2d6on,the,react,udemy,course,.,today,i,made,a,sign,in,form,made,up,of,different,re-usable,up,is\u2026,'',,,,,,,,,,,
128,way,you,can,force,the,govt,.,to,list,amount,of,test,kits,shipped,to,each,state,as,of,today,?,?,redfield,just,sta\u202,,,,,,,
129,tad,bit,personal,but,i,struggle,with,allowing,myself,to,stay,home,from,school,when,needed,because,of,heavy,guilt\u202,,,,,,,,,,,,
130,ima,change,my,number,today,\ud83e\udd1i,keep,contemplating,it,'',,,,,,,,,,,,,,,,,,,,,,
131,katie,was,awesome,in,that,hearing,today,!,'',,,,,,,,,,,,,,,,,,,,,,,
132,is,it,me,or,has,something,switched,with,the,#,coronavirus,today,?,there,'s,a,mild,panic,in,the,air,that,i,'ve,not,ever,see\u2026,'',,,,
133,in,case,nobody,else,tells,you,today,,,,,,,,,,,,,,,,,,,,,,,,,
134,angeles,is,crazed,today,.,i,mean,,,,,,,,,,,,,,,,,,,,,,,,,
135,when,we,marched,with,doctors,to,try,to,deliver,flu,vaccines,to,children,,,,,,,,,,,,,,,,,,,
136,stigma,:,national,paediatric,diabetes,audit,2018\/1annual,repo,published,today,:,the,npda,analyses,info\u202,,,,,,,,,,,,,,,,,
137,meanwhile,in,other,news,boris,johnson,is,hoping,we,have,all,forgotten,the,repo,into,russian,interference,in,uk,polit\u2026,'',,,,,,,,,,,
138,guarnaschelli,welcomes,spring,with,chicken,skewers,and,spinach-aichoke,dip,,,,,,,,,,,,,,,,,,,,,,,
139,best,explanation,i,have,heard,today,:,in,the,event,of,a,forced,quarantine,(,people,for\u202,,,,,,,,,,,,,,,
140,3the,coronavirus,pandemic,,,,,,,,,,,,,,,,,,,,,,,,,,,,,
141,stigma,:,uk,unis,cancel,exams,and,move,towards,online,teaching,amidst,coronavirus,panic,:,earlier,today,,,,,,,,,,,,,,,
142,listening,now,.,you,should,too,.,on,with,uncle,recapping,this,crazy,,,,,,,,,,,,,,,,,,,
143,first,#,coronavirus,case,was,repoed,in,androscoggin,county,maine,today,;,roughly,4minutes,from,portland\,'',,,,,,,,,,,,,,,
144,i,generally,stick,to,issues,surrounding,abuse,,,,,,,,,,,,,,,,,,,,,,,,,
145,i,'m,today,a,teller,told,me,how,worried,she,is,about,being,forced,to,miss,work,.,\n\nan,uninsured\u202,,,,,,,,,,,,
146,just,in,case,anyone,is,feeling,stressed,,,,,,,,,,,,,,,,,,,,,,,,,
147,was,still,doing,free,samples,today,while,everyone,was,in,hysteria,buying,up,all,the,toilet,paper,and,hand\u202,,,,,,,,,,,,,
148,my,work,team,made,business,contingency,plans,in,case,we,have,to,quarantine,.,we,also,made,plans,to,keep,our,el\u202,,,,,,,,,,
149,today,was,a,very,draining,day,of,bad,world,is,in,panic,!,we,stay,close,to,the,father,,,,,,,,,,,,,
150,today,was,the,first,day,with,some,legit,fear,in,the,,,,,,,,,,,,,,,,,,,,,
151,to,buy,groceries,today,.,so,did,everyone,else,.,i,feel,bad,for,the,one,dude,that,came,in,for,mac,&,amp,;,cheese,from\u202,,,,,
152,it,should,not,take,a,global,pandemic,for,people,to,realize,just,how,unforgivably,dysfunctional,this,current,administration,i\u2026,'',,,,,,,,,,,,
153,don\u2019t,you,have,a,girl,in,your,header,y\u2019all,moving,mad,on,the,tl,today,'',,,,,,,,,,,,,,,,
154,my,mum,was,diagnosed,with,an,inflammatory,lung,disease,today,(,ongoing,issue,non,related,to,corona,),and,now,i\u2019m,a\u202,,,,,,,,,,
155,the,coronavirus,and,the,economic,tailspin,is,about,to,drive,indian,airline,private,companies,into,bankruptcy,.,hence,namo,govt\u2026,'',,,,,,,,,,,
156,month,no,weed,?,bitch,i,got,my,teeth,pulled,today,and,smoked,a,blunt,right,after,i,need,my,weed\ud83d\ude2d\ud83d\ude2d\ud83d\ude2d,'',,,,,,,,,,
157,kai,jama,',a,\ud83e\udd23\ud83d\ude02\ud83e\udd23\ud83d\ude02\nwlh,hakuri,ya,kare,irin,wan,na,budawa,haka\ud83e\udd23\ud83d\ude02\ud83e\udd23\ud83d\ude02,'',,,,,,,,,,,,,,,,,,
158,we,are,hanging,out,with,the,team,meguiars,today,here,in,socal,,,,,,,,,,,,,,,,,,,,
159,beane,is,single-handedly,beating,covid-1with,his,moves,today,.,#,bills,'',,,,,,,,,,,,,,,,,,,,
160,as,you,can,all,not,even,hiding,.,im,out,there,wearing,a,bright,yellow,police,jacket,,,,,,,,,,,,,,,
161,i,had,the,same,damn,problem,@,today,\ud83d\ude02\ud83d\ude02\ud83d\ude02\ud83d\ude02\ud83d\ude0,,,,,,,,,,,,,,,,,,,,,,,
162,has,been,the,longest,day,i,just,wan,na,listen,to,#,heabreakweather,\ud83e\udd7a,'',,,,,,,,,,,,,,,,,
163,trying,really,hard,to,kill,#,bitcoin,,,,,,,,,,,,,,,,,,,,,,,,,
164,2years,.,harvey,weinstein,has,been,sentenced,to,2years,in,prison,for,his,crimes,of,rape,and,sexual,assault,.,i,literally\u2026,'',,,,,,,,,
165,which,stormy,are,you,today,,,,,,,,,,,,,,,,,,,,,,,,,,,
166,she,should,change,her,name,to,katie,fucking,poer,.,because,katie,fucking,,,,,,,,,,,,,,,,,,,
167,update,:,post-student,life,is,chaos,.,i,just,panic,bought,an,\u201clsu,alumni\u201d,sweatshi,.,how,do,you,work,linkedin,'',,,,,,,,,,
168,omg,same,!,today,was,our,last,day,.,we,are,going,online,.,i,hate,this,so,much,!,'',,,,,,,,,,,
169,trans,and\/or,disabled,canadians,,,,,,,,,,,,,,,,,,,,,,,,,,,,
170,do,i,hate,how,my,body,looks,today,.,no,wonder,i,'m,single,.,\ud83d\ude43,'',,,,,,,,,,,,,,,
171,dismissing,wall,street,plunge,today,,,,,,,,,,,,,,,,,,,,,,,,,,,
172,yes,it,staed,to,collapse,earlier,in,the,week,and,today,killed,it,hard,!,even,more,now,,,,,,,,,,,,,,
173,china,'s,brutal,crackdown,on,uyghurs,has,reached,global,supply,chains,&,amp,;,companies,are,at,risk,of,introduc\u2026,'',,,,,,,,,,,
174,today\u2019s,am,releasing,fear,and,centering,myself,,,,,,,,,,,,,,,,,,,,,,,,,
175,i,am,deeply,concerned,about,the,threat,that,coronavirus,poses,.,trump\u2019s,stumbling,response,is,putting,american,lives,and,the,ec\u2026,'',,,,,,,,,,
176,thing,banished,the,gloomsterism,and,kicked,off,the,guy,,,,,,,,,,,,,,,,,,,,,,,
177,morning,today,of,those,most,at,risk,from,#,coronavirus,.,some,may,be,incapable,or,too,afraid,to,stockup,on,su\u2026,'',,,,,,,,,
178,the,best,relationship,is,when,yesterday\u2019s,fight,didn\u2019t,stop,today\u2019s,communication,'',,,,,,,,,,,,,,,,,,,,
179,#,newrelease\n\nthey,say,revenge,is,a,dangerous,game,,,,,,,,,,,,,,,,,,,,,,,,
180,touch,is,years,old,today,but,let,'s,not,forget,how,taeil,went,crazy,on,the,last,4seconds,of,the,song,,,,,,,,,,,
181,which,really,just,goes,to,show,the,government,could,literally,give,us,free,healthcare,whenever,they,want,,,,,,,,,,,,,,,
182,so,apparently,my,sister,coughed,earlier,today,and,my,mum\u2019s,response,was,something,along,the,lines,of,\u201cin,sickness,and,in,h\u2026,'',,,,,,,,,
183,what,happens,to,cous,and,jails,when,you\u2019re,trying,to,prevent,a,coronavirus,outbreak,?,\n\nstl\u2019s,court,administrator,talked\u2026,'',,,,,,,,,,,,
184,i,made,joke,about,how,the,corona,virus,is,like,when,god,sent,a,plague,to,egypt,and,and,in,the,same,day,i,see\u202,,,,,,,
185,letter,sent,today,by,3of,nyc,'s,infectious,disease,scientists,to,nyc,government,,,,,,,,,,,,,,,,,,,
186,[,today,'s,bangtan,\ud83d\udca3,],\n\nin,case,you,missed,it,in,all,it,'s,glory,!,\ud83e\udd29\n\n3j,unit,photo,shooting,behind,-,#,bts,#,\ubc29\ud0c4\uc18c\ub144\ub2e,#,i\u2026,'',,
187,i,for,one,am,shocked,that,a,pm,who,stayed,on,holiday,when,there,was,a,terrorist,attack,and,left,it,three,weeks,to,visit\u2026,'',,,,,,
188,difficult,tweet,of,my,,,,,,,,,,,,,,,,,,,,,,,,,,,,
189,we,go,into,quarantine,today,i,wan,na,my,makeup,done\,'','',,,,,,,,,,,,,,,,,,,
190,cy,:,the,light,at,my,house,broke,the,ahjussi,came,to,repair\ncy,:,the,boiler,at,my,house,blew,up,(,also,broken,),\ncy,:,my,car,'s,brake\u2026,''
191,literally,me,in,the,gc,today,am,not,dying,before,i,get,cawk,.,no,'',,,,,,,,,,,,,,,,
192,so,many,athletes,lifelong,dreams,and,goals,are,being,crushed,,,,,,,,,,,,,,,,,,,,,,
193,i,know,a,lot,of,my,readers,are,freaking,the,hell,out\u212today,,,,,,,,,,,,,,,,,,,,
194,i\u2019m,not,the,guy,who,tells,you,to,panic,\u201i\u2019m,the,guy,who,usually,tells,you,not,to,.,so,when,i,say,i\u2019m,worried,,,,,,,
195,a,beast,.,hats,off,to,you,rep,poer,'',,,,,,,,,,,,,,,,,,,,,,
196,breaking,:,dow,had,its,worst,point,loss,ever,today,,,,,,,,,,,,,,,,,,,,,,
197,hrh,muhammad,sanusi,ii,earlier,today,at,awe,local,government,,,,,,,,,,,,,,,,,,,,,,
198,our,transit,system,now,has,overdraft,fees,\ud83d\ude0i,mean,this,shit,is,comically,evil,.,anything,to,punish,the,poor,.,,,,,,,,,,,
199,want,a,change,?,or,an,office,where,with,a,view,?,\n\nthis,hiring,cycle,,,,,,,,,,,,,,,,,
200,this,is,really,impoant,work,by,and,to,legislate,for,buffer,zones,around,abortion,clinics,to,e\u2026,'',,,,,,,,,,,,,,
201,1in,the,gon,na,say,that\u2019s,a,bad,i\u2019m,3i,could,retire,i,own,ow\u2026,'',,,,,,,,,,,,,,,,
202,when,you\u2019ve,survived,the,whirlwind,of,crazy,that,was,only,to,realise,tomorrow,is,friday,the,13th,,,,,,,,,,,,,,,
203,the,government,and,the,media,tell,you,that,better,things,are,not,possible,because,they,cost,too,much,.,today,they,set,$,on,f\u2026,'',,,,,,
204,ochako,:,what,are,you,up,to,today,?,\n\nkatsuki,:,world,domination,.,\n\nochako,:,that\u2019s,a,bit,much,,,,,,,,,,,,
205,he\u2019s,killing,me,today,!,\ud83d\ude02\ud83e\udd23\ud83e\udd2,,,,,,,,,,,,,,,,,,,,,,,,,,
206,i,was,in,a,very,bad,mood,today,.,then,my,year,old,walked,over,,,,,,,,,,,,,,,,,
207,so,my,mum,sent,me,this,today,&,amp,;,she,didn\u2019t,realise,what,exactly,was,inside,the,dying,rn\ud83e\udd23\ud83d\ude2d,,,,,,,,,,,,
208,rain,held,off,until,the,uphill,back,.,with,the,turmoil,of,today,'s,events,,,,,,,,,,,,,,,,,
209,this,problem,continues,to,evolve,and,will,escalate,rapidly,and,dramatically,.,for,marylanders,,,,,,,,,,,,,,,,,,
210,not,today,demon,,,,,,,,,,,,,,,,,,,,,,,,,,,,,
211,some,comments,on,bts\u2019s,debut,video,in,case,you,haven\u2019t,cried,yet,today,,,,,,,,,,,,,,,,,,,
212,been,called,a,kangaroo,today,and,i\u2019m,not,mad,at,,,,,,,,,,,,,,,,,,,,,,
213,does,today,keep,getting,worse,and,worse,'',,,,,,,,,,,,,,,,,,,,,,,,
214,today,'s,fed,liquidity,injections,:,the,same,size,as,the,annual,us,military,fed,liquidity,,,,,,,,,,,,,,,,
215,might,as,well,just,order,in,then,.,i,'m,making,hamburgers,for,hubby,and,ill,just,h\u202,,,,,,,,,,,,,,
216,jagmeet,repoedly,joining,trudeau,in,self,canadas,demise,in,secret,,,,,,,,,,,,,,,,,,,,,,
217,with,the,total,percentage,loss,ending,up,at,-9,,,,,,,,,,,,,,,,,,,,,,,
218,from,#,orioles,:,trey,mancini,underwent,successful,surgery,today,to,remove,a,malignant,tumor,from,his,colon,.,the,tumor,was,disc\u2026,'',,,,,,,,
219,self-isolation,quarantine,,,,,,,,,,,,,,,,,,,,,,,,,,,,,,
220,is,what,happens,when,you,have,failed,leadership,in,the,province,.,where,the,hell,was,ford,today,?,he,should,have\u202,,,,,,,,,,
221,ca,n't,stop,bad,bitchery,!,'',,,,,,,,,,,,,,,,,,,,,,,,,
222,the,plague,bearing,grinch,'s,hea,shrank,three,sizes,,,,,,,,,,,,,,,,,,,,,,,
223,unacceptable,for,shame,!,'',,,,,,,,,,,,,,,,,,,,,,,,,,,
224,it,sunk,.,\n\ni,mean,,,,,,,,,,,,,,,,,,,,,,,,,,,
225,thread,from,the,latest,repos,make,it,clear,:,shipping,asylum,seekers,off,to,gua\u202,,,,,,,,,,,,,,,,,
226,(,1\/3,),ice,is,looking,into,social,media,repos,that,an,arrest,was,made,by,ice,officers,today,at,a,hospital,.,it,'s,critical,durin\u2026,'',,,,
227,more,dangerous,than,the,virus,going,around,are,the,amount,of,people,addicted,to,findom,and,catfish,dommes,.,come,by,and\u2026,'',,,,,,,,,
228,mix,of,\,'',wonder,at,the,universe\,'',and,\,'',i,'m,a,bird,made,of,garbage,and,i,will,fight,god\,'',i,'m,getting,from,this,is\u202,
229,my,mum,was,diagnosed,with,an,inflammatory,lung,disease,today,(,ongoing,issue,non,related,to,corona,),and,now,i\u2019m,a\u202,,,,,,,,,,
230,code,inferno,!,\ud83e\udd81\ud83d\udd25\n\ngo,go,go,!,!,'',,,,,,,,,,,,,,,,,,,,,,,
231,update,3\/12\/20\ninfectious,disease,specialist,dr.,luis,ostrosky,gave,a,great,conference,in,the,houston,m\u202,,,,,,,,,,,,,,,,,
232,congrats,to,all,the,challenge,winners,!,\n\ntoday,3middle,school,and,high,school,teams,across,the,nation,were\u2026,'',,,,,,,,,,,,,
233,she,should,change,her,name,to,katie,fucking,poer,.,because,katie,fucking,porter,:,,,,,,,,,,,,,,,,,
234,lmfao,it\u2019s,all,fake,.,the,government,can,just,do,medicare,for,all,if,they,wanted,to,.,they,just,hate,you,and,want,you,to,,,,,,
235,our,heas,are,broken,as,we,learned,today,that,our,season,was,cancelled,by,and,we,will,work,diligen\u2026,'',,,,,,,,,,,,
236,soon,will,the,donald,fire,dr,.,redfield,?,'',,,,,,,,,,,,,,,,,,,,,,
237,at,this,moment,\u201when,there,is,so,much,fear,in,the,country,and,all,across,the,world,\u201we,need,american,leadership,.,we,need,pr\u2026,'',,,,,,
238,dr,kate,fitz-gibbon,presenting,insights,on,mothers,experiences,of,adolescent,family,violence,at,today,'s,cecfw,symposium\u2026,'',,,,,,,,,,,,,,
239,a,coronavirus,drive-thru,testing,facility,was,in,operation,in,wolverhampton,today,.,#,bcujournos,,,,,,,,,,,,,,,,,,
240,today,we,took,pa,in,the,nationwide,#,greatbigcrunch,challenge,.,500+,students,and,staff,enjoyed,de\u2026,'',,,,,,,,,,,,,,
241,raise,your,hand,\ud83d\ude4b\ud83c\udffb\u200d\u2640\ufe0f,if,you,lived,your,life,without,fear,of,the,coronavirus,today,\ud83d\udd90\ud83c\udffb,#,coronaviruspandemic,'',,,,,,,,,,,,,
242,turkey,has,a,single,case,of,coronavirus,but,they,are,taking,no,chances,.,today,,,,,,,,,,,,,,,,,
243,in,a,hearing,today,,,,,,,,,,,,,,,,,,,,,,,,,,,,
244,this,needs,addressed,.,i,am,immunocompromised,and,have,just,left,hospital,after,renal,transplant,.,ward,was,being,closed,to,v\u2026,'',,,,,,,,,
245,dems,stop,raging,@,dems,.,focus\u27a1\ufe0f,blocked,this,bill,today,!,\n-,free,testing,all\n-,paid,emergency,m\u202,,,,,,,,,,,,,
246,3nyc,infectious,disease,scientists,recommend,closing,the,,,,,,,,,,,,,,,,,,,,,,,,,
247,ghetto,uhuh,!,!,ew,'',,,,,,,,,,,,,,,,,,,,,,,,,,
248,this,is,my,mom,admitted,today,for,pneumonia,,,,,,,,,,,,,,,,,,,,,,,,
249,the,ghetto,'',,,,,,,,,,,,,,,,,,,,,,,,,,,,,
250,missing,my,girlfriend,today,and,always,but,what\u2019s,new,luvs,,,,,,,,,,,,,,,,,,,,,,
251,seeing,women,post,photos,of,themselves,because,of,our,shoot,is,truly,amazing,!,\ud83d\ude4c\ud83c\udffc\ud83d\ude0d,'',,,,,,,,,,,,,,,,
252,it\u2019s,less,than,2hrs,.,that\u2019s,even,worse,so,what\u2019s,your,point,?,'',,,,,,,,,,,,,,,,,,
253,no,doubt,.,lv,announced,plans,to,ditch,travel,insurance,today,.,that,could,be,a,game,changer,'',,,,,,,,,,,,,
254,had,to,go,into,sheffield,again,today,and,again,find,another,homeless,disabled,person,katherine,,,,,,,,,,,,,,,,,
255,didn\u2019t,want,to,be,that,crazy,person,in,stores,today,,,,,,,,,,,,,,,,,,,,,,
256,top,infectious,disease,official,dr.,anthony,fauci,today,on,limited,test,availability,:,\u201cthat,is,a,failing,.,it,is,a,,,,,,,,,,,
257,this,aicle,is,mad,nerdy,.,cc,\,,,,,,,,,,,,,,,,,,,,,,,,
258,gov,.,parson,says,it,'s,not,up,to,government,to,\,'',fix,this,,,,,,,,,,,,,,,,,
259,today,i,briefed,member,states,on,#,covid1and,our,decision,to,describe,it,as,a,pandemic,.,we,have,made,this,assessment\u2026,'',,,,,,,,,
260,witch,is,demented,.,retire,,,,,,,,,,,,,,,,,,,,,,,,,,,
261,remember,that,what,may,seem,horrible,today,will,most,likely,not,matter,in,weeks,or,a,month,.,try,to,remember,that,nothing,la\u2026,'',,,,,,,
262,just,unthinkable,.,#,abolishice,'',,,,,,,,,,,,,,,,,,,,,,,,,,
263,think,of,annouced,$,100m,to,help,fight,covid,1got,cases,today\ud83e\udd23\ud83e\udd23\ud83e\udd23\ud83e\udd23,'',,,,,,,,,,,,,,,,,,,
264,make,this,change,,,,,,,,,,,,,,,,,,,,,,,,,,,,,
265,wow,haha,might,do,something,crazy,later,.,but,not,today,.,then,again,i,always,postpone,it,.,it,'ll,be,better,the,so\u202,,,,,,,
266,quick,highlights,from,today,'s,big,win,over,union,!,the,tournament,has,been,canceled,due,to,the,coronavirus,disease,(,covid-19,),\u2026,'',,,,,,,
267,seniors,:,while,it,may,be,a,difficult,transition,,,,,,,,,,,,,,,,,,,,,,,
268,you,can,change,the,rules,!,is,this,an,emergency,or,not,?,?,?,!,'',,,,,,,,,,,,,,,
269,i,spoke,to,last,night,about,cowardly,attack,on,coalition,base,.,we,will,defend,against,these,deplorable,acts,&,amp,;,h\u2026,'',,,,,,,,
270,trump\u2019s,incompetence,has,been,killing,people,for,over,three,years,now,.,the,only,diffference\u2026,'',,,,,,,,,,,,,,,,
271,y\u2019all,\u201cit\u2019s,just,the,flu,people,#,washyahands\u201d,bitches,are,suspiciously,silent,probably,at,the,walma\u202,,,,,,,,,,,,,,,,
272,and,why,did,#,dumbdonald,fire,the,entire,us,pandemic,response,team,?,because,obama,created,it,.,since,stealing,the,presid\u2026,'',,,,,,,,,
273,went,to,bed,at,73ln,and,woke,up,to,straight,chaos,today,wtf,'',,,,,,,,,,,,,,,,,,
274,people,will,study,the,great,panic,of,202for,years,to,come,.,irrational,crowd,madness,,,,,,,,,,,,,,,,,
275,in,case,someone,insulted,you,today,,,,,,,,,,,,,,,,,,,,,,,,,,
276,today,me,sef,i,cough,i,fear,oh,\ud83d\ude02,'',,,,,,,,,,,,,,,,,,,,,,
277,today,we,informed,our,#,cgiu202students,of,the,difficult,decision,to,postpone,our,annual,meeting,at,due,to,covid-1\u2026,'',,,,,,,,,,,,
278,#,plastic,remains,to,be,a,huge,epidemic,in,today\u2019s,environment,!,check,out,my,new,post,over,,,,,,,,,,,,,,
279,our,transit,system,now,has,overdraft,fees,\ud83d\ude0i,mean,this,shit,is,comically,evil,.,anything,to,punish,the,,,,,,,,,,,,,
280,i,know,im,a,broken,record,right,it\u2019s,because,i\u2019m,anxious,.,work,has,been,mind,blurringly,slow,today,but,there\u2026,'',,,,,,,,,,
281,need,a,leader,who,doesn\u2019t,have,dementia,and,who,can,stay,on,target,with,urgent,crises,today,'',,,,,,,,,,,,,,
282,hell,nah,wtf\,,,,,,,,,,,,,,,,,,,,,,,,,,,,,
283,my,deepest,prayers,go,out,to,the,world,today,.,we,as,human,beings,have,gone,through,the,fire,over,and,over,again,,,,,,,,,
284,is,this,how,you,react,when,confronted,killerkay,,,,,,,,,,,,,,,,,,,,,,,,
285,hanging,out,at,today,filming,!,!,!,,,,,,,,,,,,,,,,,,,,,,,,
286,i,think,this,is,the,most,illuminating,thing,i,'ve,read,on,the,pandemic,,,,,,,,,,,,,,,,,,
287,treating,an,outbreak,of,this,virus,that,gets,any,worse,is,far,far,more,expensive,!,'',,,,,,,,,,,,,,,
288,today,there\u2018ll,be,#,premierleague,emergency,meeting,to,fight,#,coronavirus,.,i,have,no,words,about,the,decision,of,the,last,ni\u2026,'',,,,,,,,
289,on,the,react,udemy,course,.,today,i,made,a,sign,in,form,made,up,of,different,re-usable,,,,,,,,,,,,,,
290,marks,:,one,year,since,my,husband\u2019s,cancer,surgery,,,,,,,,,,,,,,,,,,,,,,,
291,owes,million,consumers,about,$,35each,for,bogus,fees,on,auto,loans,.,in,a,hearing,today,,,,,,,,,,,,,,,
292,r2d6on,the,react,udemy,course,.,today,i,made,a,sign,in,form,made,up,of,different,re-usable,up,is\u2026,'',,,,,,,,,,,
293,way,you,can,force,the,govt,.,to,list,amount,of,test,kits,shipped,to,each,state,as,of,today,?,?,redfield,just,sta\u202,,,,,,,
294,tad,bit,personal,but,i,struggle,with,allowing,myself,to,stay,home,from,school,when,needed,because,of,heavy,guilt\u202,,,,,,,,,,,,
295,ima,change,my,number,today,\ud83e\udd1i,keep,contemplating,it,'',,,,,,,,,,,,,,,,,,,,,,
296,katie,was,awesome,in,that,hearing,today,!,'',,,,,,,,,,,,,,,,,,,,,,,
297,is,it,me,or,has,something,switched,with,the,#,coronavirus,today,?,there,'s,a,mild,panic,in,the,air,that,i,'ve,not,ever,see\u2026,'',,,,
298,in,case,nobody,else,tells,you,today,,,,,,,,,,,,,,,,,,,,,,,,,
299,angeles,is,crazed,today,.,i,mean,,,,,,,,,,,,,,,,,,,,,,,,,
300,when,we,marched,with,doctors,to,try,to,deliver,flu,vaccines,to,children,,,,,,,,,,,,,,,,,,,
301,stigma,:,national,paediatric,diabetes,audit,2018\/1annual,repo,published,today,:,the,npda,analyses,info\u202,,,,,,,,,,,,,,,,,
302,meanwhile,in,other,news,boris,johnson,is,hoping,we,have,all,forgotten,the,repo,into,russian,interference,in,uk,polit\u2026,'',,,,,,,,,,,
303,guarnaschelli,welcomes,spring,with,chicken,skewers,and,spinach-aichoke,dip,,,,,,,,,,,,,,,,,,,,,,,
304,best,explanation,i,have,heard,today,:,in,the,event,of,a,forced,quarantine,(,people,for\u202,,,,,,,,,,,,,,,
305,3the,coronavirus,pandemic,,,,,,,,,,,,,,,,,,,,,,,,,,,,,
306,stigma,:,uk,unis,cancel,exams,and,move,towards,online,teaching,amidst,coronavirus,panic,:,earlier,today,,,,,,,,,,,,,,,
307,listening,now,.,you,should,too,.,on,with,uncle,recapping,this,crazy,,,,,,,,,,,,,,,,,,,
308,first,#,coronavirus,case,was,repoed,in,androscoggin,county,maine,today,;,roughly,4minutes,from,portland\,'',,,,,,,,,,,,,,,
309,i,generally,stick,to,issues,surrounding,abuse,,,,,,,,,,,,,,,,,,,,,,,,,
310,i,'m,today,a,teller,told,me,how,worried,she,is,about,being,forced,to,miss,work,.,\n\nan,uninsured\u202,,,,,,,,,,,,
311,just,in,case,anyone,is,feeling,stressed,,,,,,,,,,,,,,,,,,,,,,,,,
312,was,still,doing,free,samples,today,while,everyone,was,in,hysteria,buying,up,all,the,toilet,paper,and,hand\u202,,,,,,,,,,,,,
313,my,work,team,made,business,contingency,plans,in,case,we,have,to,quarantine,.,we,also,made,plans,to,keep,our,el\u202,,,,,,,,,,
314,today,was,a,very,draining,day,of,bad,world,is,in,panic,!,we,stay,close,to,the,father,,,,,,,,,,,,,
315,today,was,the,first,day,with,some,legit,fear,in,the,,,,,,,,,,,,,,,,,,,,,
316,to,buy,groceries,today,.,so,did,everyone,else,.,i,feel,bad,for,the,one,dude,that,came,in,for,mac,&,amp,;,cheese,from\u202,,,,,
317,it,should,not,take,a,global,pandemic,for,people,to,realize,just,how,unforgivably,dysfunctional,this,current,administration,i\u2026,'',,,,,,,,,,,,
318,don\u2019t,you,have,a,girl,in,your,header,y\u2019all,moving,mad,on,the,tl,today,'',,,,,,,,,,,,,,,,
319,my,mum,was,diagnosed,with,an,inflammatory,lung,disease,today,(,ongoing,issue,non,related,to,corona,),and,now,i\u2019m,a\u202,,,,,,,,,,
320,the,coronavirus,and,the,economic,tailspin,is,about,to,drive,indian,airline,private,companies,into,bankruptcy,.,hence,namo,govt\u2026,'',,,,,,,,,,,
321,month,no,weed,?,bitch,i,got,my,teeth,pulled,today,and,smoked,a,blunt,right,after,i,need,my,weed\ud83d\ude2d\ud83d\ude2d\ud83d\ude2d,'',,,,,,,,,,
322,kai,jama,',a,\ud83e\udd23\ud83d\ude02\ud83e\udd23\ud83d\ude02\nwlh,hakuri,ya,kare,irin,wan,na,budawa,haka\ud83e\udd23\ud83d\ude02\ud83e\udd23\ud83d\ude02,'',,,,,,,,,,,,,,,,,,
323,we,are,hanging,out,with,the,team,meguiars,today,here,in,socal,,,,,,,,,,,,,,,,,,,,
324,beane,is,single-handedly,beating,covid-1with,his,moves,today,.,#,bills,'',,,,,,,,,,,,,,,,,,,,
325,as,you,can,all,not,even,hiding,.,im,out,there,wearing,a,bright,yellow,police,jacket,,,,,,,,,,,,,,,
326,i,had,the,same,damn,problem,@,today,\ud83d\ude02\ud83d\ude02\ud83d\ude02\ud83d\ude02\ud83d\ude0,,,,,,,,,,,,,,,,,,,,,,,
327,has,been,the,longest,day,i,just,wan,na,listen,to,#,heabreakweather,\ud83e\udd7a,'',,,,,,,,,,,,,,,,,
328,trying,really,hard,to,kill,#,bitcoin,,,,,,,,,,,,,,,,,,,,,,,,,
329,2years,.,harvey,weinstein,has,been,sentenced,to,2years,in,prison,for,his,crimes,of,rape,and,sexual,assault,.,i,literally\u2026,'',,,,,,,,,
