0,i\u2019ll,bring,the,music,as,we,found,out,today,that,i,have,the,widest,range,of,music,'',,,,,,,,,,,,
1,heejin,baby,guess,what,just,happened,today,'',,,,,,,,,,,,,,,,,,,,,,
2,if,you,want,more,of,and,me,sign,up,today,at,you,can,see,how,we,really,clean,up,!,\ud83d\udd25\u2764\ufe0f\u2026,'',,,,,,,,
3,sending,love,to,all,our,fans,around,the,\ud83c\udf0e,!,even,though,#,worldfigure,is,cancelled,,,,,,,,,,,,,,
4,katie,poer,is,a,national,treasure,and,what,she,just,did,will,save,,,,,,,,,,,,,,,,,
5,today\u2019s,my,bihday,?,you\u2019ve,got,ta,be,kitten,me,,,,,,,,,,,,,,,,,,,,
6,be,like,\u201cgood,morning,beautiful,.,today,is,so,crazy,.,how,are,you,doing,my,love,.,omg,i,can\u2019t,believe,this,coronavirus,\u201c,'',,,,
7,no,joke,.,my,momma,called,to,tell,me,the,blue,light,special,today,at,kma,was,toilet,,,,,,,,,,,,
8,today,on,your,special,day,\njust,bow,down,on,your,knees,and,pray,that,you,get,what,you,want,in,life,that,you,never,ever\u2026,'',,,,
9,this,is,only,one,step,in,the,process,.,next,congressional,request,to,dhs,and,then,dhs,requests,usss,to,deploy,resources,.,secret\u2026,'',,,,,
10,found,this,post,from,almost,years,ago,,,,,,,,,,,,,,,,,,,,,,,
11,so,far,my,favorite,posters,from,today,,,,,,,,,,,,,,,,,,,,,,,
12,remember,how,blessed,you,are,to,be,alive,today,.,breathing,,,,,,,,,,,,,,,,,,,
13,\ud83d\udd25i,hope,everyone,is,safe,from,whatever,the,#,fakenews,is,telling,us,to,be,afraid,of,today,!,,,,,,,,,,,
14,love,my,home,team,!,!,!,#,bethefight,takes,on,a,whole,new,meaning,\u2764\ufe0f,'',,,,,,,,,,,,,
15,helpful,\u2764\ufe0f,'',,,,,,,,,,,,,,,,,,,,,,,,,,,
16,best,pa,of,today,?,your,song,it,aint,',me,f.,kygo,by,#,selenagomez,is,about,to,play,on,the,beach,96\u202,,,,,,
17,amazing,excellent,work,today,questioning,the,health,soncalled,officials,yesterday,and,today,!,bravo\u202,,,,,,,,,,,,,,,,
18,few,days,ago,i,told,my,friend,that,i,was,a,little,upset,about,some,things,and,he,promised,that,he,would,give,me,s\u202,,,,,
19,today,'s,gift,basket,of,the,day,is,a,create,your,own,basket,as,a,new,baby,gift,&,gt,;,&,gt,;,\n,,,,,
20,i,don\u2019t,like,when,women,try,and,break,up,fights,with,men,.,it\u2019s,not,safe,.,idc,'',,,,,,,,,,,
21,special,love,today,to,anyone,over,65,,,,,,,,,,,,,,,,,,,,,,,
22,mama,clean,the,house,today,\ud83d\ude34\ud83d\ude34\ud83c\udf1d\ud83d\udc3e\n,#,mamashelper,\n,#,dogsoftwitter,#,dogs,#,doglife,#,dog,,,,,,,,,,,,,
23,katie,poer,is,a,national,treasure,and,what,she,just,did,will,save,lives,.,,,,,,,,,,,,,,,
24,be,thankful,for,,,,,,,,,,,,,,,,,,,,,,,,,,,
25,inner,child,got,first,spot,in,today,'s,hottest,music,in,#,flyfm,\ud83c\udf89\ud83c\udf8a\n\nthank,you,everyone,who,voted,\ud83d\ude47\ud83d\udc9c,happy,listening,to,this\u2026,'',,,,,,
26,she,got,bodied,by,my,team,in,a,ranked,match,we,love,to,see,,,,,,,,,,,,,,,,
27,a,fouh,friend,just,got,engaged,,,,,,,,,,,,,,,,,,,,,,,,
28,i,hope,this,will,help,encourage,someone,like,it,has,for,me,\ud83d\udc9,,,,,,,,,,,,,,,,,
29,national,park,was,a,hit,today,!,beautiful,weather,made,for,great,memories,.,the,kids,loved,golden,corral,for\u202,,,,,,,,,,
30,to,target,today,on,my,lunch,break,and,it,was,very,therapeutic,'',,,,,,,,,,,,,,,,,
31,lots,of,wrestling,fans,bummed,today,.,if,you,need,a,little,cheering,is,a,picture,of,a,,,,,,,,,,,,
32,i,was,buying,some,cat,food,today,and,the,self,checkout,would,take,4-attempts,to,scan,every,can,an\u202,,,,,,,,,,,
33,i,take,it,we,wo,n't,be,seeing,any,green,today,?,'',,,,,,,,,,,,,,,,,
34,this,is,the,most,hilarious,thing,you,will,see,today,,,,,,,,,,,,,,,,,,,,
35,to,the,precious,ones,who,tried,to,brighten,up,my,mind,today,.,you,'re,the,ones,that,got,my,hea,,,,,,,,,
36,\ud83d\udc96\u2728make,someone,smile,today\u2728\ud83d\udc9,#,kindnessmatters,,,,,,,,,,,,,,,,,,,,,,,,
37,bihday,to,my,childhood,friend,,,,,,,,,,,,,,,,,,,,,,,,,
38,we,need,an,oversight,bat,signal,that,ales,katie,porter,to,swoop,in,and,save,us,.,,,,,,,,,,,,,
39,i\u2019m,taking,a,nap,idc,.,too,much,going,on,today,\ud83d\ude2d,'',,,,,,,,,,,,,,,,,
40,mtv,staff,delivering,food,to,our,families,today,!,thank,you,!,!,#,lcps2,,,,,,,,,,,,,,,
41,warzone,got,a,bit,annoying,today,lol,back,to,apex,it,is,!,kings,canyon,i,love,you,\u276let,the,grind,begin\u2026,'',,,,,,,
42,love,to,go,with,what,ever,fits,their,narrative,.,imagine,the,current,climate,of,today,being,what,it,is,and,he\u202,,,,,,,,
43,[,look,],\n\ntoday,\u201cnever,ever\u201d,turns,years,old,!,\n\nwhat\u2019s,your,favorite,pa,of,this,amazing,song,?,i,vote,for,bam\u2019s,prrra\n\n,#,g\u2026,'',,,
44,today,is,my,2nd,googlerversary,and,flutterversary,!,\ud83c\udf1f\ud83e\udd73\nit,'s,been,really,fun,!,\n\ni,am,so,thankful,for,so,many,kind,people,i,get,t\u2026,'',,,
45,\,'',sweet,night\,'',is,going,to,be,out,6pm,kst,today,!,!,!,who,'s,exited,for,this,masterpiece,?,?,?,?,?,\n,#,sweetnightapproaching
46,excellent,news,-,the,uk,all,pay,parliamentary,group,on,hong,kong,has,announced,this,new,evidence,her\u2026,'',,,,,,,,,,,
47,needs,another,nap,&,amp,;,more,denture,glue,\nyou,want,him,to,take,charge\u202,,,,,,,,,,,,,,,
48,tried,to,create,an,ebook,,,,,,,,,,,,,,,,,,,,,,,,,
49,omg,!,!,they,found,wilson,!,finally,some,good,news,today,\ud83d\ude0,,,,,,,,,,,,,,,,,
50,is,remarkable,.,this,scene,is,as,perfectly,structured,and,as,inspiring,as,anything,in,\u201dthe,west,wing\u201,,,,,,,,,,,,
51,happy,bihday,!,!,!,i,hope,you,have,a,wonderful,day,today,.,\ud83c\udf82\ud83c\udf89\ud83d\ude42,'',,,,,,,,,,,,,,
52,just,went,to,one,class,today,and,earlier,i,found,out,that,my,classes,are,gon,na,be,online,staing,on,marc\u202,,,,,,,,
53,was,supposed,to,be,singing,the,hills,are,alive,with,music,in,austria,today,fml,'',,,,,,,,,,,,,,
54,if,by,6pm,today,trevor,sayers,does,not,publicly,announce,that,he,has,a,found,a,cure,for,covid-1then,there,'s,really,no,hope,'',,,,,
55,2years,ago,today,a,lady,said,yes,at,a,small,wedding,ceremony,in,blackheath\n\ndaughters,and,a,million,hiccups,along,t\u2026,'',,,,,,,,,
56,xoxo,to,all,the,#,txstatestrutters,we,love,you\ud83e\udd70\u2665\ufe0f\ud83d\udc83,'',,,,,,,,,,,,,,,,,,,,
57,another,packed,day,today,.,meetings,with,freedom,caucus,chair,,,,,,,,,,,,,,,,,,,,
58,was,today,years,old,when,i,found,out,siwaka,has,sore,throat,\ud83d\ude0d\ud83d\ude0d,'',,,,,,,,,,,,,,,,
59,of,the,people,i,love,and,cherished,so,much,did,not,have,the,audacity,or,anything,to,stand,up,for,me,as,if,they\u202,,,,,,
60,here,'s,today,'s,safe,place,for,those,of,you,that,have,had,enough,coronavirus,news,&,amp,;,ca,n't,stomach,any,more,infantile,rage\u2026,'',,,
61,u,really,love,me,today,omg,'',,,,,,,,,,,,,,,,,,,,,,,
62,2today,and,still,chasing,the,dream,!,!,loving,life,\ud83d\udd1c\ud83d\udd1b\ud83d\udd1d,,,,,,,,,,,,,,,,,,,
63,outrageous,.,bill,will,save,lives,.,,,,,,,,,,,,,,,,,,,,,,,
64,the,new,york,governor,said,today,that,it,will,likely,be,months,before,madison,square,garden,,,,,,,,,,,,,,
65,some,news,:,we,pulled,off,a,surprise,engagement,today,on,the,dole,balcony,today,!,!,!,congratulations,to,my,beautiful,friend\u2026,'',,,,,,
66,\u6c96\u7e04\u96fb\u5b50\u5c11\u5973\u5f69\u300e\u4e8b\u52d9\u6240\u30e9\u30a4\u30d6\u300f10\u65e5\u76ee\uff01\n\u4eca\u65e5\u306f\u30ec\u30c7\u30a3\u30fc\u30b9\u5f69\uff01\n\u66b4\u8d70\u65cf\u7206\u97f3\u30ce\u30a4\u30ba\uff01\n\nokinawa,electric,girl,saya,\,'',office,live\,'',day,10\uff01\n\nladies,saya,today,!,\nmotorcycle\u2026,'',,,,,,,,,,,,,,
67,is,one,of,the,few,things,that,made,me,smile,today,\ud83c\udfb6,'',,,,,,,,,,,,,,,,,
68,stay,safe,guys,\ud83d\ude2a,colleague,was,crying,earlier,today,about,this,#,covid_1whole,thing,'',,,,,,,,,,,,,,,
69,love,him,so,much,more,than,v,,,,,,,,,,,,,,,,,,,,,,,
70,pag,true,blooded,adn,ka,magaling,kang,mag-,can,read,between,the,lines\,'',nga,tinawag,tayong,\,'',thinking,fa\u2026,'',,,,,,,,
71,most,beautiful,picture,from,today,.,\u206,,,,,,,,,,,,,,,,,,,,,,,
72,\ud83d\ude21and,another,emergency,\ud83c\udd98poor,gorgeous,lana,has,embedded,collar,\ud83d\udc94,&,amp,;,needs,out,by,today,thursday,03\/105pm,or,killed\ud83d\udc80palm,valle\u2026,'',,,,,,,
73,this,is,going,to,be,a,game,changing,development,for,rotherham,town,centre,.,wonderful,to,see,it,really,staing,to,happen\u2026,'',,,,,,,
74,umaga,sa,inyo,!,!,\ud83e\udd70\ud83c\udf1e,kamusta,hangover,?,haha,alive,pb,?,\ud83d\ude0be,safe,today,!,\,,,,,,,,,,,,
75,baby,today,,,,,,,,,,,,,,,,,,,,,,,,,,,,
76,baby,liam,turned,months,today,!,!,he,makes,life,so,much,better\u2764\ufe0f\u2764\ufe0f,,,,,,,,,,,,,,,,,
77,i,met,a,remarkable,tree,today,!,a,thousand,year,old,yew,in,the,churchyard,at,stoke,gabriel,,,,,,,,,,,,
78,had,the,amazing,oppounity,to,slay,this,beautiful,soul,today,!,swipe,to,check,out,our,mini,photoshoot,!,\,cust\u202,,,,,,,,,
79,whilst,out,walking,today,i,came,across,this,poor,dolphin,who,had,recently,passed,away,.,using,the,what,three,words,app,i\u2026,'',,,,,,
80,if,you,leave,home,today,and,return,safe,,,,,,,,,,,,,,,,,,,,,,
81,from,#,marlboroughwineregion,!,taking,in,this,beautiful,scenery,today,!,\ud83c\udf77\n\n,#,picton,#,newzealand,#,winecountry\u202,,,,,,,,,,,,
82,way,i,sued,my,stats,zoom,lecture,today,as,white,noise,for,my,afternoon,nap,\ud83d\ude34,'',,,,,,,,,,,,,
83,chan,said,that,subin,'s,glare,during,their,first,stage,today,was,no,joke,&,amp,;,soob,was,asked,how,he,managed,to,get,that,kind,of\u2026,'',
84,\ud83d\ude02\ud83d\ude02\ud83d\ude0kidding,.,i,just,found,out,people,were,selling,masks,and,hand,sanitizer,for,outrageous,prices,today,.,it\u2019s,,,,,,,,,,,
85,roommate,showed,her,true,colors,today,,,,,,,,,,,,,,,,,,,,,,,,
86,give,my,love,to,abbie,my,baby,sarah,is,currently,practicing,irish,dancing,like,a,soldi\u202,,,,,,,,,,,,,,
87,#,presidentbiden,sounds,wonderful,.,#,presidentbiden,made,a,nice,and,powerful\u2026,'',,,,,,,,,,,,,,,,,
88,is,all,so,hilarious,because,that,50billion,was,put,into,the,market,and,then,re-absorbed,by,the,people,who,lo\u202,,,,,,,,,,
89,yesterday,it,was,jodie,comer\u2019s,bihday,day,and,today,we,celebrate,another,special,date,!,\n\nhappy,birthday,to,the,one,and,only\u2026,'',,,,,,,
90,home,today,a,man,in,a,fancy,spos,car,let,me,cross,the,street,\,'',because,of,your,beautiful,smile\,'',\n\ntragicall\u202,,,,,,,
91,outrageous,.,bill,will,save,,,,,,,,,,,,,,,,,,,,,,,,,
92,target,today,two,ladies,had,cas,filled,with,baby,wipes,and,i,heard,them,say,these,will,work,instead,of,toilet\u202,,,,,,,,,
93,quality,content,right,,,,,,,,,,,,,,,,,,,,,,,,,,,
94,love,seeing,all,the,#,bloodshotmovie,posters,up,in,theaters,!,!,'',,,,,,,,,,,,,,,,,
95,last,night,posted,a,photo,of,the,white,house,lit,up,in,green,.,today,a,green,q,in,the,capitol,do\u2026,'',,,,,,,
96,i,was,today,years,old,when,i,found,out,i,look,hot,in,white,,,,,,,,,,,,,,,,
97,no,matter,the,distance,or,span,of,time,love,never,separates,or,dies,.,\ud83d\udd70\u271d\ufe0f\u2764\ufe0f,if,that\u2019s,true,jesus\u2019s,love,is,still,living,on,t\u2026,'',,,,
98,the,census,is,safe,,,,,,,,,,,,,,,,,,,,,,,,,,
99,are,beyond,pleased,with,this,news,!,'',,,,,,,,,,,,,,,,,,,,,,
100,my,daughter,lives,in,london,and,she,was,showing,me,today,how,the,uk,is,handling,the,coronavirus,.,looking,at,that,and,the\u2026,'',,,,,
101,love,how,today,hasn\u2019t,ended,but,there\u2019s,already,a,wikipedia,aicle,called,\u201cblack,thursday\u201d,about,,,,,,,,,,,,,,,
102,ikon,songs,peaks,in,south,korea,gaon,chas,(,as,of,2019,),\n\n,#,my,type\n,#,apology\n,#,love,scenario\n,#,goodbye,road\n,#,wyd\u2026,'',,
103,luckily,i,bought,a,lot,last,my,normal,amount,but,i,went,food,shopping,today,and,sure,,,,,,,,,,,,,
104,think,i,found,the,perfect,house,today,\ud83e\udd1e\ud83c\udffe\ud83e\udd1e\ud83c\udffe,'',,,,,,,,,,,,,,,,,,,,,
105,so,good,to,see,you,today,!,even,without,the,hug,,,,,,,,,,,,,,,,,,,
106,so,beautiful,dude,'',,,,,,,,,,,,,,,,,,,,,,,,,,
107,this,hilarious,phony,conversation,may,be,the,funniest,thing,you,will,see,on,twitter,today\ud83e\udd23\ud83d\udc94\n\ncheck,the,thread,for,the,complete\u2026,'',,,,,,,,,
108,let,'s,be,honest,,,,,,,,,,,,,,,,,,,,,,,,,,
109,hi,!,i,'m,kind,of,tired,from,work,so,we,chillin,today,&,lt,;,playing,dbd,both,killer,and,survivor,!,\n\,,,,,,
110,good,morning,!,!,!,spread,some,love,,,,,,,,,,,,,,,,,,,,,,
111,be,my,own,boss,today,i,love,it,'',,,,,,,,,,,,,,,,,,,,,
112,was,an,intense,day,filled,with,meetings,,,,,,,,,,,,,,,,,,,,,,,
113,taehyung,is,so,excited,about,the,release,of,his,ost,\ud83e\udd7a\ud83d\udc9c,plz,plz,plz,show,it,lots,of,love,!,go,to,weverse,to,leave,him,ni\u2026,'',,
114,is,a,rough,day,.,here\u2019s,some,beautiful,pastel,work,to,brighten,it,.,we,got,this,#,peelfam,!,,,,,,,,,,
115,i,fucking,love,when,katie,poer,does,the,,,,,,,,,,,,,,,,,,,,,,
116,after,my,beautiful,morning,meditation,today,blessing,all,my,energy,centres,&,amp,;,then,releasing,that,informati\u202,,,,,,,,,,,,
117,new,videos,and,something,special,today,!,\nsubscribe,now,!,\nsince,its,promo,!,,,,,,,,,,,,,,,,
118,everyone,is,wearing,a,green,tie,today,hmm,'',,,,,,,,,,,,,,,,,,,,,
119,today,is,the,bihday,of,the,person,i,love,the,most,,,,,,,,,,,,,,,,,,,
120,stoopid,face,can\u2019t,stop,smiling,today,,,,,,,,,,,,,,,,,,,,,,,,
121,as,a,huge,fan,growing,up,when,i,was,young,.,today,marks,a,special,day,where,i,get,his,signed,autograph,to,add,in\u2026,'',,,,
122,how,today,the,worst,day,of,the,year,for,spos,but,boutta,be,one,of,the,best,for,music,\ud83d\ude24,'',,,,,,,,,
123,on,a,lighter,i,told,a,good,friend,about,my,recent,mental,health,issues,and,finished,the,update,b\u202,,,,,,,,,,,
124,celebrated,the,life,of,my,friend,rose,harris,today,.,it,was,good,to,link,up,with,some,of,friends,who,are,some,rea\u202,,,,,,
125,kudos,to,the,,,,,,,,,,,,,,,,,,,,,,,,,,,
126,thinking,about,flooding,our,tl,today,with,the,gf\u2019s,ass,.,i,love,how,her,ass,swallows,up,her,pink,thong\ud83d\ude0d,the,more,\u2019s,we,g\u2026,'',,,
127,to,all,my,twitter,followers,and,friend,'s,,,,,,,,,,,,,,,,,,,,,,
128,a,stadium,of,70k+,people,screaming,\,'',baby,we,go,wild,,,,,,,,,,,,,,,,,,
129,makes,the,dream,work\u201d,is,a,favorite,clich\u00eof,mine,,,,,,,,,,,,,,,,,,,,,
130,bihday,you,would,have,been,2today,\ud83d\ude2d,i,love,you,so,much,,,,,,,,,,,,,,,,,,
131,:,@,for,today,!,!,i,'m,always,cheering,for,you,!,\n\nberjuang,untuk,hari,ini,!,!,aku,selalu,ber\u202,,,,,,,,
132,today,my,years,daughter,learnt,copy,&,amp,;,paste,.,\nwelcome,to,the,developers,',club,sweethea,\ud83d\ude0d\ud83d\ude00,'',,,,,,,,,,
133,a,message,for,today\ud83e\udd8b,love,can,not,exist,without,respect,!,,,,,,,,,,,,,,,,,,,
134,you,'re,doing,amazing,today,!,go,and,amaze,everyone,with,your,excellent,talents,!,'',,,,,,,,,,,,,,
135,why,is,verifying,this,account,and,allowing,it,to,run,xenophobic,tweets,?,this,is,the,second,tweet,of,this,kind,i,see,t\u2026,'',,,,,
136,thankful,,,,,,,,,,,,,,,,,,,,,,,,,,,,,
137,me,:,nothing,can,bother,me,today,!,\n\ninternet,:,hold,my,beer,\ud83c\udf7a,\n\nme,:,\n\ninternet,:,\ud83d\udc8\n\n\ud83d\ude11\ud83d\ude11\ud83d\ude11\ud83d\ude11\ud83d\ude4,,,,,,,,,,,
138,is,my,favorite,podcast,and,today\u2019s,episode,solidified,that,position,'',,,,,,,,,,,,,,,,,,,
139,the,most,beautiful,picture,from,today,.,\u206,,,,,,,,,,,,,,,,,,,,,,
140,it\u2019s,#,jamestaylor\u2019s,bihday,a,song,i,love,but,only,play,about,twice,a,year,.,\u2018tis,from,memory,,,,,,,,,,,
141,just,as,adorable,today,as,you,were,yesterday,and,the,day,,,,,,,,,,,,,,,,,,,
142,#,repost,jasonbskates,(,love,to,all,our,fans,around,the,world,!,thank,you,for,your,continued,sup\u2026,'',,,,,,,,,,
143,we,ca,n't,heal,the,world,today,,,,,,,,,,,,,,,,,,,,,,,
144,my,hea,is,broken,for,this,team,and,these,seniors,this,group,was,beyond,special,and,made,our,entire,red,fox,co\u2026,'',,,,,,,
145,please,be,in,prayer,for,my,baby,sister,.,she,has,been,missing,since,am,.,we,'re,in,durham,nc,.,her,name,is,sarah,black,.,pray\u2026,''
146,great,resources,for,teaching,online,!,!,!,#,gcsk12,'',,,,,,,,,,,,,,,,,,,
147,#,\ud835\udfcf,\ud835\udc12\ud835\udc04\ud835\udc1\ud835\udc06\ud835\udc00\ud835\udc0c\ud835\udc04\ud83c\udfc6\n\n\u2692build,your,own,dream,fuck,friend,!,\n\ud83d\udee0join,free,sexemulator,today,!,\n\u26cfteach,her,different,sex,ski\u202,,,,,,,,,,,
148,if,not,safe,then,positions,as,of,today,should,stand,'',,,,,,,,,,,,,,,,,,,
149,my,baby,,,,,,,,,,,,,,,,,,,,,,,,,,,,
150,friend,who,is,a,loona,stan,teared,up,so,much,today,loona,on,your,first,music,show,win\ud83d\udc4f\ud83c\udfff\ud83c\udf89\ud83c\udf89,'',,,,,,,,,,,
151,200312\n\ud83d\udde3my,mom,went,out,and,bought,me,this,as,a,surprise,gift\u3160\u3160\nah,mom,i,love,u,\u316im,so,happy\u315c\u315c\ud83d\udc97\ud83d\udc97\n\n\ud83d\udc39seokjinie,does,lemo\u2026,'',,,,,,,,
152,excellent,analysis,by,peter,stefanovic,here,on,the,pms,neverending,fountain,of,lies,.,#,budget2020,'',,,,,,,,,,,,,
153,just,said,to,a,friend,that,i,ca,n't,even,describe,how,i,feel,today,.,this,is,a,pretty,good,description,,,,,,,,
154,sorry,for,no,content,on,my,of,today,.,\n\ni\u2019ve,been,feeling,a,lil,sick\ud83d\ude1e\n\nif,you,wan,na,play,,,,,,,,,,,
155,retweet,for,a,trial,to,our,onlyfans\ud83d\ude08\n\nsubscribe,today,for,a,special,reward\ud83e\udd2b\n\,,,,,,,,,,,,,,,,,,
156,the,singing,today,was,beautiful,,,,,,,,,,,,,,,,,,,,,,,,,
157,was,today,years,old,when,i,found,out,that,not,all,countries,change,times,in,winter,and,spring,'',,,,,,,,,,,
158,i,was,assisted,by,nala,the,baby,frenchie,.,look,at,those,paws,!,\ud83d\udc9,,,,,,,,,,,,,,,
159,3,!,don\u2019t,rile,me,up,;,this,morning,i,prayed,for,god,to,ignite,my,passion,again,(,besides,music,),&,amp,;,then,this,happ\u202,,
160,girl,i,literately,got,the,last,of,the,diapers,for,my,baby,at,walma,today,.,there,also,sold,out,of,baby,wipes,'',,,,,,
161,if,you,find,yourself,in,need,of,some,beautiful,poetry,today,,,,,,,,,,,,,,,,,,,
162,today,is,a,perfect,day,to,chug,massive,amounts,of,garbage,food,and,drink,yourself,into,oblivion,while,investing,all,you\u2026,'',,,,,,,,
163,found,out,today,that,the,show,is,canceled,due,to,covid-1concerns,.,the,kids,are,of,course,devastated\u2014they\u2019ve,be\u202,,,,,,,,,,,
164,well,done,meredith,.,excellent,presentation,\ud83d\udc4f\n\n,#,confidence,#,educationwithcharacter,'',,,,,,,,,,,,,,,,,,
165,my,books,today,!,!,so,#,blessed,!,!,\,a,#,model\ni\u2019m,an,#,actor\n,#,shaq\u202,,,,,,,,,,,
166,heejin,baby,guess,what,just,happened,today,,,,,,,,,,,,,,,,,,,,,,,
167,i\u2019ll,bring,the,music,as,we,found,out,today,that,i,have,the,widest,range,of,music,'',,,,,,,,,,,,
168,heejin,baby,guess,what,just,happened,today,'',,,,,,,,,,,,,,,,,,,,,,
169,if,you,want,more,of,and,me,sign,up,today,at,you,can,see,how,we,really,clean,up,!,\ud83d\udd25\u2764\ufe0f\u2026,'',,,,,,,,
170,sending,love,to,all,our,fans,around,the,\ud83c\udf0e,!,even,though,#,worldfigure,is,cancelled,,,,,,,,,,,,,,
171,katie,poer,is,a,national,treasure,and,what,she,just,did,will,save,,,,,,,,,,,,,,,,,
172,today\u2019s,my,bihday,?,you\u2019ve,got,ta,be,kitten,me,,,,,,,,,,,,,,,,,,,,
173,be,like,\u201cgood,morning,beautiful,.,today,is,so,crazy,.,how,are,you,doing,my,love,.,omg,i,can\u2019t,believe,this,coronavirus,\u201c,'',,,,
174,no,joke,.,my,momma,called,to,tell,me,the,blue,light,special,today,at,kma,was,toilet,,,,,,,,,,,,
175,today,on,your,special,day,\njust,bow,down,on,your,knees,and,pray,that,you,get,what,you,want,in,life,that,you,never,ever\u2026,'',,,,
176,this,is,only,one,step,in,the,process,.,next,congressional,request,to,dhs,and,then,dhs,requests,usss,to,deploy,resources,.,secret\u2026,'',,,,,
177,found,this,post,from,almost,years,ago,,,,,,,,,,,,,,,,,,,,,,,
178,so,far,my,favorite,posters,from,today,,,,,,,,,,,,,,,,,,,,,,,
179,remember,how,blessed,you,are,to,be,alive,today,.,breathing,,,,,,,,,,,,,,,,,,,
180,\ud83d\udd25i,hope,everyone,is,safe,from,whatever,the,#,fakenews,is,telling,us,to,be,afraid,of,today,!,,,,,,,,,,,
181,love,my,home,team,!,!,!,#,bethefight,takes,on,a,whole,new,meaning,\u2764\ufe0f,'',,,,,,,,,,,,,
182,helpful,\u2764\ufe0f,'',,,,,,,,,,,,,,,,,,,,,,,,,,,
183,best,pa,of,today,?,your,song,it,aint,',me,f.,kygo,by,#,selenagomez,is,about,to,play,on,the,beach,96\u202,,,,,,
184,amazing,excellent,work,today,questioning,the,health,soncalled,officials,yesterday,and,today,!,bravo\u202,,,,,,,,,,,,,,,,
185,few,days,ago,i,told,my,friend,that,i,was,a,little,upset,about,some,things,and,he,promised,that,he,would,give,me,s\u202,,,,,
186,today,'s,gift,basket,of,the,day,is,a,create,your,own,basket,as,a,new,baby,gift,&,gt,;,&,gt,;,\n,,,,,
187,i,don\u2019t,like,when,women,try,and,break,up,fights,with,men,.,it\u2019s,not,safe,.,idc,'',,,,,,,,,,,
188,special,love,today,to,anyone,over,65,,,,,,,,,,,,,,,,,,,,,,,
189,mama,clean,the,house,today,\ud83d\ude34\ud83d\ude34\ud83c\udf1d\ud83d\udc3e\n,#,mamashelper,\n,#,dogsoftwitter,#,dogs,#,doglife,#,dog,,,,,,,,,,,,,
190,katie,poer,is,a,national,treasure,and,what,she,just,did,will,save,lives,.,,,,,,,,,,,,,,,
191,be,thankful,for,,,,,,,,,,,,,,,,,,,,,,,,,,,
192,inner,child,got,first,spot,in,today,'s,hottest,music,in,#,flyfm,\ud83c\udf89\ud83c\udf8a\n\nthank,you,everyone,who,voted,\ud83d\ude47\ud83d\udc9c,happy,listening,to,this\u2026,'',,,,,,
193,she,got,bodied,by,my,team,in,a,ranked,match,we,love,to,see,,,,,,,,,,,,,,,,
194,a,fouh,friend,just,got,engaged,,,,,,,,,,,,,,,,,,,,,,,,
195,i,hope,this,will,help,encourage,someone,like,it,has,for,me,\ud83d\udc9,,,,,,,,,,,,,,,,,
196,national,park,was,a,hit,today,!,beautiful,weather,made,for,great,memories,.,the,kids,loved,golden,corral,for\u202,,,,,,,,,,
197,to,target,today,on,my,lunch,break,and,it,was,very,therapeutic,'',,,,,,,,,,,,,,,,,
198,lots,of,wrestling,fans,bummed,today,.,if,you,need,a,little,cheering,is,a,picture,of,a,,,,,,,,,,,,
199,i,was,buying,some,cat,food,today,and,the,self,checkout,would,take,4-attempts,to,scan,every,can,an\u202,,,,,,,,,,,
200,i,take,it,we,wo,n't,be,seeing,any,green,today,?,'',,,,,,,,,,,,,,,,,
201,this,is,the,most,hilarious,thing,you,will,see,today,,,,,,,,,,,,,,,,,,,,
202,to,the,precious,ones,who,tried,to,brighten,up,my,mind,today,.,you,'re,the,ones,that,got,my,hea,,,,,,,,,
203,\ud83d\udc96\u2728make,someone,smile,today\u2728\ud83d\udc9,#,kindnessmatters,,,,,,,,,,,,,,,,,,,,,,,,
204,bihday,to,my,childhood,friend,,,,,,,,,,,,,,,,,,,,,,,,,
205,we,need,an,oversight,bat,signal,that,ales,katie,porter,to,swoop,in,and,save,us,.,,,,,,,,,,,,,
206,i\u2019m,taking,a,nap,idc,.,too,much,going,on,today,\ud83d\ude2d,'',,,,,,,,,,,,,,,,,
207,mtv,staff,delivering,food,to,our,families,today,!,thank,you,!,!,#,lcps2,,,,,,,,,,,,,,,
208,warzone,got,a,bit,annoying,today,lol,back,to,apex,it,is,!,kings,canyon,i,love,you,\u276let,the,grind,begin\u2026,'',,,,,,,
209,love,to,go,with,what,ever,fits,their,narrative,.,imagine,the,current,climate,of,today,being,what,it,is,and,he\u202,,,,,,,,
210,[,look,],\n\ntoday,\u201cnever,ever\u201d,turns,years,old,!,\n\nwhat\u2019s,your,favorite,pa,of,this,amazing,song,?,i,vote,for,bam\u2019s,prrra\n\n,#,g\u2026,'',,,
211,today,is,my,2nd,googlerversary,and,flutterversary,!,\ud83c\udf1f\ud83e\udd73\nit,'s,been,really,fun,!,\n\ni,am,so,thankful,for,so,many,kind,people,i,get,t\u2026,'',,,
212,\,'',sweet,night\,'',is,going,to,be,out,6pm,kst,today,!,!,!,who,'s,exited,for,this,masterpiece,?,?,?,?,?,\n,#,sweetnightapproaching
213,excellent,news,-,the,uk,all,pay,parliamentary,group,on,hong,kong,has,announced,this,new,evidence,her\u2026,'',,,,,,,,,,,
214,needs,another,nap,&,amp,;,more,denture,glue,\nyou,want,him,to,take,charge\u202,,,,,,,,,,,,,,,
215,tried,to,create,an,ebook,,,,,,,,,,,,,,,,,,,,,,,,,
216,omg,!,!,they,found,wilson,!,finally,some,good,news,today,\ud83d\ude0,,,,,,,,,,,,,,,,,
217,is,remarkable,.,this,scene,is,as,perfectly,structured,and,as,inspiring,as,anything,in,\u201dthe,west,wing\u201,,,,,,,,,,,,
218,happy,bihday,!,!,!,i,hope,you,have,a,wonderful,day,today,.,\ud83c\udf82\ud83c\udf89\ud83d\ude42,'',,,,,,,,,,,,,,
219,just,went,to,one,class,today,and,earlier,i,found,out,that,my,classes,are,gon,na,be,online,staing,on,marc\u202,,,,,,,,
220,was,supposed,to,be,singing,the,hills,are,alive,with,music,in,austria,today,fml,'',,,,,,,,,,,,,,
221,if,by,6pm,today,trevor,sayers,does,not,publicly,announce,that,he,has,a,found,a,cure,for,covid-1then,there,'s,really,no,hope,'',,,,,
222,2years,ago,today,a,lady,said,yes,at,a,small,wedding,ceremony,in,blackheath\n\ndaughters,and,a,million,hiccups,along,t\u2026,'',,,,,,,,,
223,xoxo,to,all,the,#,txstatestrutters,we,love,you\ud83e\udd70\u2665\ufe0f\ud83d\udc83,'',,,,,,,,,,,,,,,,,,,,
224,another,packed,day,today,.,meetings,with,freedom,caucus,chair,,,,,,,,,,,,,,,,,,,,
225,was,today,years,old,when,i,found,out,siwaka,has,sore,throat,\ud83d\ude0d\ud83d\ude0d,'',,,,,,,,,,,,,,,,
226,of,the,people,i,love,and,cherished,so,much,did,not,have,the,audacity,or,anything,to,stand,up,for,me,as,if,they\u202,,,,,,
227,here,'s,today,'s,safe,place,for,those,of,you,that,have,had,enough,coronavirus,news,&,amp,;,ca,n't,stomach,any,more,infantile,rage\u2026,'',,,
228,u,really,love,me,today,omg,'',,,,,,,,,,,,,,,,,,,,,,,
229,2today,and,still,chasing,the,dream,!,!,loving,life,\ud83d\udd1c\ud83d\udd1b\ud83d\udd1d,,,,,,,,,,,,,,,,,,,
230,outrageous,.,bill,will,save,lives,.,,,,,,,,,,,,,,,,,,,,,,,
231,the,new,york,governor,said,today,that,it,will,likely,be,months,before,madison,square,garden,,,,,,,,,,,,,,
232,some,news,:,we,pulled,off,a,surprise,engagement,today,on,the,dole,balcony,today,!,!,!,congratulations,to,my,beautiful,friend\u2026,'',,,,,,
233,\u6c96\u7e04\u96fb\u5b50\u5c11\u5973\u5f69\u300e\u4e8b\u52d9\u6240\u30e9\u30a4\u30d6\u300f10\u65e5\u76ee\uff01\n\u4eca\u65e5\u306f\u30ec\u30c7\u30a3\u30fc\u30b9\u5f69\uff01\n\u66b4\u8d70\u65cf\u7206\u97f3\u30ce\u30a4\u30ba\uff01\n\nokinawa,electric,girl,saya,\,'',office,live\,'',day,10\uff01\n\nladies,saya,today,!,\nmotorcycle\u2026,'',,,,,,,,,,,,,,
234,is,one,of,the,few,things,that,made,me,smile,today,\ud83c\udfb6,'',,,,,,,,,,,,,,,,,
235,stay,safe,guys,\ud83d\ude2a,colleague,was,crying,earlier,today,about,this,#,covid_1whole,thing,'',,,,,,,,,,,,,,,
236,love,him,so,much,more,than,v,,,,,,,,,,,,,,,,,,,,,,,
237,pag,true,blooded,adn,ka,magaling,kang,mag-,can,read,between,the,lines\,'',nga,tinawag,tayong,\,'',thinking,fa\u2026,'',,,,,,,,
238,most,beautiful,picture,from,today,.,\u206,,,,,,,,,,,,,,,,,,,,,,,
239,\ud83d\ude21and,another,emergency,\ud83c\udd98poor,gorgeous,lana,has,embedded,collar,\ud83d\udc94,&,amp,;,needs,out,by,today,thursday,03\/105pm,or,killed\ud83d\udc80palm,valle\u2026,'',,,,,,,
240,this,is,going,to,be,a,game,changing,development,for,rotherham,town,centre,.,wonderful,to,see,it,really,staing,to,happen\u2026,'',,,,,,,
241,umaga,sa,inyo,!,!,\ud83e\udd70\ud83c\udf1e,kamusta,hangover,?,haha,alive,pb,?,\ud83d\ude0be,safe,today,!,\,,,,,,,,,,,,
242,baby,today,,,,,,,,,,,,,,,,,,,,,,,,,,,,
243,baby,liam,turned,months,today,!,!,he,makes,life,so,much,better\u2764\ufe0f\u2764\ufe0f,,,,,,,,,,,,,,,,,
244,i,met,a,remarkable,tree,today,!,a,thousand,year,old,yew,in,the,churchyard,at,stoke,gabriel,,,,,,,,,,,,
245,had,the,amazing,oppounity,to,slay,this,beautiful,soul,today,!,swipe,to,check,out,our,mini,photoshoot,!,\,cust\u202,,,,,,,,,
246,whilst,out,walking,today,i,came,across,this,poor,dolphin,who,had,recently,passed,away,.,using,the,what,three,words,app,i\u2026,'',,,,,,
247,if,you,leave,home,today,and,return,safe,,,,,,,,,,,,,,,,,,,,,,
248,from,#,marlboroughwineregion,!,taking,in,this,beautiful,scenery,today,!,\ud83c\udf77\n\n,#,picton,#,newzealand,#,winecountry\u202,,,,,,,,,,,,
249,way,i,sued,my,stats,zoom,lecture,today,as,white,noise,for,my,afternoon,nap,\ud83d\ude34,'',,,,,,,,,,,,,
250,chan,said,that,subin,'s,glare,during,their,first,stage,today,was,no,joke,&,amp,;,soob,was,asked,how,he,managed,to,get,that,kind,of\u2026,'',
251,\ud83d\ude02\ud83d\ude02\ud83d\ude0kidding,.,i,just,found,out,people,were,selling,masks,and,hand,sanitizer,for,outrageous,prices,today,.,it\u2019s,,,,,,,,,,,
252,roommate,showed,her,true,colors,today,,,,,,,,,,,,,,,,,,,,,,,,
253,give,my,love,to,abbie,my,baby,sarah,is,currently,practicing,irish,dancing,like,a,soldi\u202,,,,,,,,,,,,,,
254,#,presidentbiden,sounds,wonderful,.,#,presidentbiden,made,a,nice,and,powerful\u2026,'',,,,,,,,,,,,,,,,,
255,is,all,so,hilarious,because,that,50billion,was,put,into,the,market,and,then,re-absorbed,by,the,people,who,lo\u202,,,,,,,,,,
256,yesterday,it,was,jodie,comer\u2019s,bihday,day,and,today,we,celebrate,another,special,date,!,\n\nhappy,birthday,to,the,one,and,only\u2026,'',,,,,,,
257,home,today,a,man,in,a,fancy,spos,car,let,me,cross,the,street,\,'',because,of,your,beautiful,smile\,'',\n\ntragicall\u202,,,,,,,
258,outrageous,.,bill,will,save,,,,,,,,,,,,,,,,,,,,,,,,,
259,target,today,two,ladies,had,cas,filled,with,baby,wipes,and,i,heard,them,say,these,will,work,instead,of,toilet\u202,,,,,,,,,
260,quality,content,right,,,,,,,,,,,,,,,,,,,,,,,,,,,
261,love,seeing,all,the,#,bloodshotmovie,posters,up,in,theaters,!,!,'',,,,,,,,,,,,,,,,,
262,last,night,posted,a,photo,of,the,white,house,lit,up,in,green,.,today,a,green,q,in,the,capitol,do\u2026,'',,,,,,,
263,i,was,today,years,old,when,i,found,out,i,look,hot,in,white,,,,,,,,,,,,,,,,
264,no,matter,the,distance,or,span,of,time,love,never,separates,or,dies,.,\ud83d\udd70\u271d\ufe0f\u2764\ufe0f,if,that\u2019s,true,jesus\u2019s,love,is,still,living,on,t\u2026,'',,,,
265,the,census,is,safe,,,,,,,,,,,,,,,,,,,,,,,,,,
266,are,beyond,pleased,with,this,news,!,'',,,,,,,,,,,,,,,,,,,,,,
267,my,daughter,lives,in,london,and,she,was,showing,me,today,how,the,uk,is,handling,the,coronavirus,.,looking,at,that,and,the\u2026,'',,,,,
268,love,how,today,hasn\u2019t,ended,but,there\u2019s,already,a,wikipedia,aicle,called,\u201cblack,thursday\u201d,about,,,,,,,,,,,,,,,
269,ikon,songs,peaks,in,south,korea,gaon,chas,(,as,of,2019,),\n\n,#,my,type\n,#,apology\n,#,love,scenario\n,#,goodbye,road\n,#,wyd\u2026,'',,
270,luckily,i,bought,a,lot,last,my,normal,amount,but,i,went,food,shopping,today,and,sure,,,,,,,,,,,,,
271,think,i,found,the,perfect,house,today,\ud83e\udd1e\ud83c\udffe\ud83e\udd1e\ud83c\udffe,'',,,,,,,,,,,,,,,,,,,,,
272,so,good,to,see,you,today,!,even,without,the,hug,,,,,,,,,,,,,,,,,,,
273,so,beautiful,dude,'',,,,,,,,,,,,,,,,,,,,,,,,,,
274,this,hilarious,phony,conversation,may,be,the,funniest,thing,you,will,see,on,twitter,today\ud83e\udd23\ud83d\udc94\n\ncheck,the,thread,for,the,complete\u2026,'',,,,,,,,,
275,let,'s,be,honest,,,,,,,,,,,,,,,,,,,,,,,,,,
276,hi,!,i,'m,kind,of,tired,from,work,so,we,chillin,today,&,lt,;,playing,dbd,both,killer,and,survivor,!,\n\,,,,,,
277,good,morning,!,!,!,spread,some,love,,,,,,,,,,,,,,,,,,,,,,
278,be,my,own,boss,today,i,love,it,'',,,,,,,,,,,,,,,,,,,,,
279,was,an,intense,day,filled,with,meetings,,,,,,,,,,,,,,,,,,,,,,,
280,taehyung,is,so,excited,about,the,release,of,his,ost,\ud83e\udd7a\ud83d\udc9c,plz,plz,plz,show,it,lots,of,love,!,go,to,weverse,to,leave,him,ni\u2026,'',,
281,is,a,rough,day,.,here\u2019s,some,beautiful,pastel,work,to,brighten,it,.,we,got,this,#,peelfam,!,,,,,,,,,,
282,i,fucking,love,when,katie,poer,does,the,,,,,,,,,,,,,,,,,,,,,,
283,after,my,beautiful,morning,meditation,today,blessing,all,my,energy,centres,&,amp,;,then,releasing,that,informati\u202,,,,,,,,,,,,
284,new,videos,and,something,special,today,!,\nsubscribe,now,!,\nsince,its,promo,!,,,,,,,,,,,,,,,,
285,everyone,is,wearing,a,green,tie,today,hmm,'',,,,,,,,,,,,,,,,,,,,,
286,today,is,the,bihday,of,the,person,i,love,the,most,,,,,,,,,,,,,,,,,,,
287,stoopid,face,can\u2019t,stop,smiling,today,,,,,,,,,,,,,,,,,,,,,,,,
288,as,a,huge,fan,growing,up,when,i,was,young,.,today,marks,a,special,day,where,i,get,his,signed,autograph,to,add,in\u2026,'',,,,
289,how,today,the,worst,day,of,the,year,for,spos,but,boutta,be,one,of,the,best,for,music,\ud83d\ude24,'',,,,,,,,,
290,on,a,lighter,i,told,a,good,friend,about,my,recent,mental,health,issues,and,finished,the,update,b\u202,,,,,,,,,,,
291,celebrated,the,life,of,my,friend,rose,harris,today,.,it,was,good,to,link,up,with,some,of,friends,who,are,some,rea\u202,,,,,,
292,kudos,to,the,,,,,,,,,,,,,,,,,,,,,,,,,,,
293,thinking,about,flooding,our,tl,today,with,the,gf\u2019s,ass,.,i,love,how,her,ass,swallows,up,her,pink,thong\ud83d\ude0d,the,more,\u2019s,we,g\u2026,'',,,
294,to,all,my,twitter,followers,and,friend,'s,,,,,,,,,,,,,,,,,,,,,,
295,a,stadium,of,70k+,people,screaming,\,'',baby,we,go,wild,,,,,,,,,,,,,,,,,,
296,makes,the,dream,work\u201d,is,a,favorite,clich\u00eof,mine,,,,,,,,,,,,,,,,,,,,,
297,bihday,you,would,have,been,2today,\ud83d\ude2d,i,love,you,so,much,,,,,,,,,,,,,,,,,,
298,:,@,for,today,!,!,i,'m,always,cheering,for,you,!,\n\nberjuang,untuk,hari,ini,!,!,aku,selalu,ber\u202,,,,,,,,
299,today,my,years,daughter,learnt,copy,&,amp,;,paste,.,\nwelcome,to,the,developers,',club,sweethea,\ud83d\ude0d\ud83d\ude00,'',,,,,,,,,,
300,a,message,for,today\ud83e\udd8b,love,can,not,exist,without,respect,!,,,,,,,,,,,,,,,,,,,
301,you,'re,doing,amazing,today,!,go,and,amaze,everyone,with,your,excellent,talents,!,'',,,,,,,,,,,,,,
302,why,is,verifying,this,account,and,allowing,it,to,run,xenophobic,tweets,?,this,is,the,second,tweet,of,this,kind,i,see,t\u2026,'',,,,,
303,thankful,,,,,,,,,,,,,,,,,,,,,,,,,,,,,
304,me,:,nothing,can,bother,me,today,!,\n\ninternet,:,hold,my,beer,\ud83c\udf7a,\n\nme,:,\n\ninternet,:,\ud83d\udc8\n\n\ud83d\ude11\ud83d\ude11\ud83d\ude11\ud83d\ude11\ud83d\ude4,,,,,,,,,,,
305,is,my,favorite,podcast,and,today\u2019s,episode,solidified,that,position,'',,,,,,,,,,,,,,,,,,,
306,the,most,beautiful,picture,from,today,.,\u206,,,,,,,,,,,,,,,,,,,,,,
307,it\u2019s,#,jamestaylor\u2019s,bihday,a,song,i,love,but,only,play,about,twice,a,year,.,\u2018tis,from,memory,,,,,,,,,,,
308,just,as,adorable,today,as,you,were,yesterday,and,the,day,,,,,,,,,,,,,,,,,,,
309,#,repost,jasonbskates,(,love,to,all,our,fans,around,the,world,!,thank,you,for,your,continued,sup\u2026,'',,,,,,,,,,
310,we,ca,n't,heal,the,world,today,,,,,,,,,,,,,,,,,,,,,,,
311,my,hea,is,broken,for,this,team,and,these,seniors,this,group,was,beyond,special,and,made,our,entire,red,fox,co\u2026,'',,,,,,,
312,please,be,in,prayer,for,my,baby,sister,.,she,has,been,missing,since,am,.,we,'re,in,durham,nc,.,her,name,is,sarah,black,.,pray\u2026,''
313,great,resources,for,teaching,online,!,!,!,#,gcsk12,'',,,,,,,,,,,,,,,,,,,
314,#,\ud835\udfcf,\ud835\udc12\ud835\udc04\ud835\udc1\ud835\udc06\ud835\udc00\ud835\udc0c\ud835\udc04\ud83c\udfc6\n\n\u2692build,your,own,dream,fuck,friend,!,\n\ud83d\udee0join,free,sexemulator,today,!,\n\u26cfteach,her,different,sex,ski\u202,,,,,,,,,,,
315,if,not,safe,then,positions,as,of,today,should,stand,'',,,,,,,,,,,,,,,,,,,
316,my,baby,,,,,,,,,,,,,,,,,,,,,,,,,,,,
317,friend,who,is,a,loona,stan,teared,up,so,much,today,loona,on,your,first,music,show,win\ud83d\udc4f\ud83c\udfff\ud83c\udf89\ud83c\udf89,'',,,,,,,,,,,
318,200312\n\ud83d\udde3my,mom,went,out,and,bought,me,this,as,a,surprise,gift\u3160\u3160\nah,mom,i,love,u,\u316im,so,happy\u315c\u315c\ud83d\udc97\ud83d\udc97\n\n\ud83d\udc39seokjinie,does,lemo\u2026,'',,,,,,,,
319,excellent,analysis,by,peter,stefanovic,here,on,the,pms,neverending,fountain,of,lies,.,#,budget2020,'',,,,,,,,,,,,,
320,just,said,to,a,friend,that,i,ca,n't,even,describe,how,i,feel,today,.,this,is,a,pretty,good,description,,,,,,,,
321,sorry,for,no,content,on,my,of,today,.,\n\ni\u2019ve,been,feeling,a,lil,sick\ud83d\ude1e\n\nif,you,wan,na,play,,,,,,,,,,,
322,retweet,for,a,trial,to,our,onlyfans\ud83d\ude08\n\nsubscribe,today,for,a,special,reward\ud83e\udd2b\n\,,,,,,,,,,,,,,,,,,
323,the,singing,today,was,beautiful,,,,,,,,,,,,,,,,,,,,,,,,,
324,was,today,years,old,when,i,found,out,that,not,all,countries,change,times,in,winter,and,spring,'',,,,,,,,,,,
325,i,was,assisted,by,nala,the,baby,frenchie,.,look,at,those,paws,!,\ud83d\udc9,,,,,,,,,,,,,,,
326,3,!,don\u2019t,rile,me,up,;,this,morning,i,prayed,for,god,to,ignite,my,passion,again,(,besides,music,),&,amp,;,then,this,happ\u202,,
327,girl,i,literately,got,the,last,of,the,diapers,for,my,baby,at,walma,today,.,there,also,sold,out,of,baby,wipes,'',,,,,,
328,if,you,find,yourself,in,need,of,some,beautiful,poetry,today,,,,,,,,,,,,,,,,,,,
329,today,is,a,perfect,day,to,chug,massive,amounts,of,garbage,food,and,drink,yourself,into,oblivion,while,investing,all,you\u2026,'',,,,,,,,
330,found,out,today,that,the,show,is,canceled,due,to,covid-1concerns,.,the,kids,are,of,course,devastated\u2014they\u2019ve,be\u202,,,,,,,,,,,
331,well,done,meredith,.,excellent,presentation,\ud83d\udc4f\n\n,#,confidence,#,educationwithcharacter,'',,,,,,,,,,,,,,,,,,
332,my,books,today,!,!,so,#,blessed,!,!,\,a,#,model\ni\u2019m,an,#,actor\n,#,shaq\u202,,,,,,,,,,,
333,heejin,baby,guess,what,just,happened,today,,,,,,,,,,,,,,,,,,,,,,,
